hour,hour_invocation,day_of_week,hour_of_day
0.0,225.13333333333333,0,0
0.25,203.0,0,0
0.5,217.0,0,0
0.75,204.93333333333334,0,0
1.0,157.33333333333334,0,1
1.25,172.13333333333333,0,1
1.5,128.13333333333333,0,1
1.75,137.53333333333333,0,1
2.0,142.33333333333334,0,2
2.25,165.66666666666666,0,2
2.5,132.66666666666666,0,2
2.75,104.4,0,2
3.0,99.2,0,3
3.25,88.73333333333333,0,3
3.5,79.93333333333334,0,3
3.75,92.4,0,3
4.0,70.33333333333333,0,4
4.25,75.66666666666667,0,4
4.5,68.13333333333334,0,4
4.75,66.8,0,4
5.0,62.6,0,5
5.25,56.733333333333334,0,5
5.5,39.46666666666667,0,5
5.75,67.06666666666666,0,5
6.0,66.6,0,6
6.25,67.66666666666667,0,6
6.5,70.4,0,6
6.75,67.2,0,6
7.0,78.33333333333333,0,7
7.25,106.86666666666666,0,7
7.5,105.13333333333334,0,7
7.75,87.06666666666666,0,7
8.0,115.8,0,8
8.25,144.4,0,8
8.5,183.73333333333332,0,8
8.75,108.93333333333334,0,8
9.0,130.6,0,9
9.25,166.0,0,9
9.5,146.2,0,9
9.75,208.93333333333334,0,9
10.0,190.6,0,10
10.25,282.46666666666664,0,10
10.5,248.66666666666666,0,10
10.75,282.3333333333333,0,10
11.0,241.33333333333334,0,11
11.25,246.73333333333332,0,11
11.5,302.26666666666665,0,11
11.75,248.6,0,11
12.0,247.73333333333332,0,12
12.25,286.53333333333336,0,12
12.5,291.06666666666666,0,12
12.75,247.26666666666668,0,12
13.0,182.13333333333333,0,13
13.25,214.4,0,13
13.5,230.4,0,13
13.75,200.06666666666666,0,13
14.0,187.33333333333334,0,14
14.25,208.86666666666667,0,14
14.5,249.86666666666667,0,14
14.75,253.4,0,14
15.0,231.13333333333333,0,15
15.25,315.2,0,15
15.5,293.8,0,15
15.75,99.0,0,15
16.0,359.4,0,16
16.25,258.8,0,16
16.5,271.93333333333334,0,16
16.75,217.13333333333333,0,16
17.0,235.13333333333333,0,17
17.25,243.66666666666666,0,17
17.5,235.53333333333333,0,17
17.75,233.86666666666667,0,17
18.0,252.13333333333333,0,18
18.25,267.26666666666665,0,18
18.5,296.93333333333334,0,18
18.75,236.13333333333333,0,18
19.0,235.66666666666666,0,19
19.25,253.13333333333333,0,19
19.5,242.0,0,19
19.75,200.0,0,19
20.0,275.6666666666667,0,20
20.25,238.6,0,20
20.5,217.26666666666668,0,20
20.75,238.4,0,20
21.0,259.0,0,21
21.25,253.06666666666666,0,21
21.5,228.4,0,21
21.75,222.13333333333333,0,21
22.0,197.6,0,22
22.25,204.2,0,22
22.5,187.0,0,22
22.75,196.8,0,22
23.0,168.4,0,23
23.25,192.53333333333333,0,23
23.5,229.66666666666666,0,23
23.75,173.2,0,23
24.0,161.6,1,0
24.25,189.93333333333334,1,0
24.5,132.53333333333333,1,0
24.75,137.06666666666666,1,0
25.0,125.66666666666667,1,1
25.25,152.06666666666666,1,1
25.5,156.73333333333332,1,1
25.75,138.4,1,1
26.0,98.0,1,2
26.25,112.66666666666667,1,2
26.5,115.33333333333333,1,2
26.75,89.93333333333334,1,2
27.0,102.8,1,3
27.25,92.6,1,3
27.5,94.06666666666666,1,3
27.75,87.4,1,3
28.0,65.46666666666667,1,4
28.25,78.06666666666666,1,4
28.5,66.26666666666667,1,4
28.75,78.8,1,4
29.0,89.6,1,5
29.25,87.4,1,5
29.5,78.0,1,5
29.75,99.93333333333334,1,5
30.0,97.73333333333333,1,6
30.25,94.26666666666667,1,6
30.5,106.33333333333333,1,6
30.75,117.2,1,6
31.0,106.4,1,7
31.25,114.53333333333333,1,7
31.5,162.26666666666668,1,7
31.75,139.26666666666668,1,7
32.0,171.33333333333334,1,8
32.25,148.53333333333333,1,8
32.5,115.73333333333333,1,8
32.75,116.06666666666666,1,8
33.0,110.53333333333333,1,9
33.25,185.13333333333333,1,9
33.5,199.53333333333333,1,9
33.75,182.06666666666666,1,9
34.0,214.2,1,10
34.25,204.4,1,10
34.5,266.93333333333334,1,10
34.75,100.0,1,10
35.0,380.53333333333336,1,11
35.25,243.0,1,11
35.5,239.0,1,11
35.75,199.06666666666666,1,11
36.0,245.33333333333334,1,12
36.25,215.26666666666668,1,12
36.5,208.86666666666667,1,12
36.75,248.66666666666666,1,12
37.0,194.73333333333332,1,13
37.25,209.26666666666668,1,13
37.5,237.8,1,13
37.75,117.26666666666667,1,13
38.0,185.93333333333334,1,14
38.25,275.93333333333334,1,14
38.5,182.86666666666667,1,14
38.75,206.0,1,14
39.0,232.86666666666667,1,15
39.25,223.06666666666666,1,15
39.5,256.4,1,15
39.75,183.66666666666666,1,15
40.0,250.13333333333333,1,16
40.25,212.13333333333333,1,16
40.5,194.93333333333334,1,16
40.75,181.46666666666667,1,16
41.0,229.66666666666666,1,17
41.25,223.13333333333333,1,17
41.5,257.46666666666664,1,17
41.75,216.86666666666667,1,17
42.0,231.2,1,18
42.25,281.46666666666664,1,18
42.5,244.93333333333334,1,18
42.75,237.13333333333333,1,18
43.0,226.73333333333332,1,19
43.25,211.13333333333333,1,19
43.5,199.33333333333334,1,19
43.75,271.0,1,19
44.0,228.4,1,20
44.25,271.93333333333334,1,20
44.5,245.13333333333333,1,20
44.75,204.73333333333332,1,20
45.0,206.4,1,21
45.25,219.26666666666668,1,21
45.5,193.46666666666667,1,21
45.75,192.06666666666666,1,21
46.0,166.66666666666666,1,22
46.25,157.4,1,22
46.5,195.33333333333334,1,22
46.75,201.0,1,22
47.0,220.73333333333332,1,23
47.25,235.06666666666666,1,23
47.5,267.0,1,23
47.75,184.93333333333334,1,23
48.0,172.33333333333334,2,0
48.25,183.8,2,0
48.5,156.26666666666668,2,0
48.75,110.66666666666667,2,0
49.0,109.2,2,1
49.25,123.93333333333334,2,1
49.5,130.53333333333333,2,1
49.75,151.8,2,1
50.0,143.86666666666667,2,2
50.25,142.06666666666666,2,2
50.5,109.53333333333333,2,2
50.75,94.33333333333333,2,2
51.0,78.26666666666667,2,3
51.25,102.13333333333334,2,3
51.5,50.53333333333333,2,3
51.75,108.66666666666667,2,3
52.0,68.13333333333334,2,4
52.25,75.93333333333334,2,4
52.5,72.13333333333334,2,4
52.75,72.6,2,4
53.0,72.13333333333334,2,5
53.25,90.46666666666667,2,5
53.5,56.6,2,5
53.75,83.8,2,5
54.0,52.733333333333334,2,6
54.25,127.26666666666667,2,6
54.5,69.86666666666666,2,6
54.75,94.8,2,6
55.0,95.8,2,7
55.25,118.6,2,7
55.5,117.6,2,7
55.75,124.6,2,7
56.0,185.2,2,8
56.25,126.86666666666666,2,8
56.5,142.93333333333334,2,8
56.75,115.66666666666667,2,8
57.0,172.13333333333333,2,9
57.25,185.2,2,9
57.5,216.66666666666666,2,9
57.75,215.33333333333334,2,9
58.0,211.93333333333334,2,10
58.25,271.0,2,10
58.5,311.93333333333334,2,10
58.75,267.6,2,10
59.0,345.06666666666666,2,11
59.25,330.53333333333336,2,11
59.5,311.2,2,11
59.75,226.66666666666666,2,11
60.0,297.73333333333335,2,12
60.25,328.6666666666667,2,12
60.5,341.73333333333335,2,12
60.75,263.6,2,12
61.0,226.46666666666667,2,13
61.25,290.4,2,13
61.5,259.06666666666666,2,13
61.75,259.53333333333336,2,13
62.0,243.13333333333333,2,14
62.25,269.0,2,14
62.5,244.33333333333334,2,14
62.75,263.46666666666664,2,14
63.0,270.6666666666667,2,15
63.25,308.6666666666667,2,15
63.5,259.26666666666665,2,15
63.75,264.8666666666667,2,15
64.0,264.1333333333333,2,16
64.25,276.53333333333336,2,16
64.5,298.53333333333336,2,16
64.75,308.93333333333334,2,16
65.0,288.73333333333335,2,17
65.25,340.06666666666666,2,17
65.5,329.2,2,17
65.75,369.0,2,17
66.0,372.4,2,18
66.25,356.06666666666666,2,18
66.5,282.3333333333333,2,18
66.75,351.6,2,18
67.0,227.26666666666668,2,19
67.25,236.66666666666666,2,19
67.5,204.8,2,19
67.75,258.46666666666664,2,19
68.0,245.93333333333334,2,20
68.25,276.06666666666666,2,20
68.5,263.1333333333333,2,20
68.75,210.4,2,20
69.0,224.4,2,21
69.25,218.73333333333332,2,21
69.5,278.8666666666667,2,21
69.75,314.46666666666664,2,21
70.0,304.6,2,22
70.25,301.3333333333333,2,22
70.5,328.1333333333333,2,22
70.75,243.73333333333332,2,22
71.0,218.8,2,23
71.25,199.73333333333332,2,23
71.5,224.86666666666667,2,23
71.75,182.2,2,23
72.0,230.73333333333332,3,0
72.25,204.8,3,0
72.5,133.2,3,0
72.75,121.93333333333334,3,0
73.0,284.3333333333333,3,1
73.25,111.86666666666666,3,1
73.5,129.73333333333332,3,1
73.75,98.33333333333333,3,1
74.0,141.6,3,2
74.25,109.06666666666666,3,2
74.5,115.86666666666666,3,2
74.75,100.33333333333333,3,2
75.0,113.4,3,3
75.25,96.13333333333334,3,3
75.5,112.26666666666667,3,3
75.75,83.33333333333333,3,3
76.0,109.2,3,4
76.25,84.06666666666666,3,4
76.5,81.4,3,4
76.75,76.4,3,4
77.0,90.66666666666667,3,5
77.25,88.46666666666667,3,5
77.5,84.13333333333334,3,5
77.75,67.0,3,5
78.0,98.06666666666666,3,6
78.25,87.06666666666666,3,6
78.5,77.33333333333333,3,6
78.75,72.6,3,6
79.0,141.33333333333334,3,7
79.25,133.66666666666666,3,7
79.5,121.4,3,7
79.75,109.13333333333334,3,7
80.0,160.86666666666667,3,8
80.25,146.73333333333332,3,8
80.5,92.13333333333334,3,8
80.75,153.93333333333334,3,8
81.0,144.26666666666668,3,9
81.25,221.86666666666667,3,9
81.5,188.46666666666667,3,9
81.75,186.2,3,9
82.0,218.0,3,10
82.25,360.0,3,10
82.5,283.8666666666667,3,10
82.75,326.46666666666664,3,10
83.0,315.6666666666667,3,11
83.25,328.0,3,11
83.5,326.6,3,11
83.75,329.8666666666667,3,11
84.0,327.46666666666664,3,12
84.25,331.6666666666667,3,12
84.5,308.4,3,12
84.75,328.6,3,12
85.0,292.73333333333335,3,13
85.25,296.0,3,13
85.5,286.8666666666667,3,13
85.75,270.1333333333333,3,13
86.0,219.73333333333332,3,14
86.25,300.8,3,14
86.5,317.2,3,14
86.75,256.6666666666667,3,14
87.0,272.8,3,15
87.25,267.73333333333335,3,15
87.5,277.73333333333335,3,15
87.75,266.4,3,15
88.0,303.93333333333334,3,16
88.25,313.6666666666667,3,16
88.5,291.73333333333335,3,16
88.75,246.73333333333332,3,16
89.0,304.3333333333333,3,17
89.25,327.53333333333336,3,17
89.5,357.46666666666664,3,17
89.75,341.6,3,17
90.0,356.73333333333335,3,18
90.25,343.6666666666667,3,18
90.5,365.8,3,18
90.75,280.0,3,18
91.0,269.6666666666667,3,19
91.25,276.6,3,19
91.5,277.1333333333333,3,19
91.75,251.0,3,19
92.0,267.26666666666665,3,20
92.25,248.53333333333333,3,20
92.5,269.26666666666665,3,20
92.75,235.73333333333332,3,20
93.0,221.0,3,21
93.25,215.53333333333333,3,21
93.5,176.8,3,21
93.75,218.86666666666667,3,21
94.0,229.0,3,22
94.25,259.93333333333334,3,22
94.5,263.46666666666664,3,22
94.75,256.0,3,22
95.0,308.73333333333335,3,23
95.25,269.2,3,23
95.5,192.93333333333334,3,23
95.75,344.8666666666667,3,23
96.0,239.86666666666667,4,0
96.25,229.0,4,0
96.5,259.6,4,0
96.75,178.46666666666667,4,0
97.0,167.26666666666668,4,1
97.25,131.6,4,1
97.5,147.93333333333334,4,1
97.75,118.46666666666667,4,1
98.0,126.4,4,2
98.25,112.26666666666667,4,2
98.5,123.2,4,2
98.75,98.73333333333333,4,2
99.0,104.4,4,3
99.25,111.6,4,3
99.5,92.6,4,3
99.75,75.93333333333334,4,3
100.0,82.26666666666667,4,4
100.25,80.33333333333333,4,4
100.5,79.13333333333334,4,4
100.75,56.733333333333334,4,4
101.0,85.46666666666667,4,5
101.25,72.53333333333333,4,5
101.5,46.93333333333333,4,5
101.75,80.93333333333334,4,5
102.0,77.66666666666667,4,6
102.25,101.8,4,6
102.5,77.8,4,6
102.75,79.8,4,6
103.0,84.33333333333333,4,7
103.25,110.2,4,7
103.5,114.2,4,7
103.75,108.13333333333334,4,7
104.0,187.06666666666666,4,8
104.25,162.06666666666666,4,8
104.5,182.4,4,8
104.75,196.2,4,8
105.0,183.6,4,9
105.25,180.86666666666667,4,9
105.5,213.2,4,9
105.75,110.26666666666667,4,9
106.0,372.6666666666667,4,10
106.25,268.53333333333336,4,10
106.5,324.53333333333336,4,10
106.75,366.26666666666665,4,10
107.0,352.4,4,11
107.25,361.93333333333334,4,11
107.5,343.26666666666665,4,11
107.75,323.8,4,11
108.0,350.6666666666667,4,12
108.25,333.3333333333333,4,12
108.5,317.3333333333333,4,12
108.75,299.53333333333336,4,12
109.0,313.46666666666664,4,13
109.25,302.73333333333335,4,13
109.5,305.6666666666667,4,13
109.75,302.1333333333333,4,13
110.0,325.1333333333333,4,14
110.25,318.4,4,14
110.5,336.06666666666666,4,14
110.75,298.6666666666667,4,14
111.0,356.4,4,15
111.25,331.4,4,15
111.5,360.53333333333336,4,15
111.75,329.06666666666666,4,15
112.0,365.6,4,16
112.25,356.1333333333333,4,16
112.5,371.3333333333333,4,16
112.75,310.6,4,16
113.0,364.3333333333333,4,17
113.25,311.1333333333333,4,17
113.5,375.4,4,17
113.75,346.06666666666666,4,17
114.0,358.4,4,18
114.25,343.93333333333334,4,18
114.5,331.73333333333335,4,18
114.75,338.0,4,18
115.0,324.06666666666666,4,19
115.25,260.6,4,19
115.5,293.26666666666665,4,19
115.75,283.2,4,19
116.0,294.0,4,20
116.25,270.6666666666667,4,20
116.5,261.8666666666667,4,20
116.75,223.86666666666667,4,20
117.0,245.8,4,21
117.25,230.13333333333333,4,21
117.5,238.86666666666667,4,21
117.75,243.6,4,21
118.0,228.93333333333334,4,22
118.25,315.1333333333333,4,22
118.5,293.8666666666667,4,22
118.75,239.73333333333332,4,22
119.0,263.93333333333334,4,23
119.25,234.13333333333333,4,23
119.5,240.06666666666666,4,23
119.75,209.2,4,23
120.0,177.4,5,0
120.25,229.2,5,0
120.5,171.26666666666668,5,0
120.75,195.4,5,0
121.0,183.93333333333334,5,1
121.25,194.93333333333334,5,1
121.5,166.73333333333332,5,1
121.75,167.53333333333333,5,1
122.0,145.6,5,2
122.25,119.06666666666666,5,2
122.5,68.46666666666667,5,2
122.75,98.4,5,2
123.0,92.86666666666666,5,3
123.25,92.93333333333334,5,3
123.5,101.06666666666666,5,3
123.75,96.33333333333333,5,3
124.0,77.26666666666667,5,4
124.25,72.66666666666667,5,4
124.5,66.86666666666666,5,4
124.75,61.93333333333333,5,4
125.0,47.4,5,5
125.25,80.0,5,5
125.5,74.33333333333333,5,5
125.75,78.0,5,5
126.0,87.8,5,6
126.25,109.46666666666667,5,6
126.5,86.93333333333334,5,6
126.75,96.53333333333333,5,6
127.0,92.86666666666666,5,7
127.25,109.46666666666667,5,7
127.5,92.73333333333333,5,7
127.75,106.26666666666667,5,7
128.0,165.2,5,8
128.25,154.73333333333332,5,8
128.5,130.13333333333333,5,8
128.75,102.26666666666667,5,8
129.0,142.0,5,9
129.25,167.4,5,9
129.5,220.26666666666668,5,9
129.75,195.4,5,9
130.0,231.46666666666667,5,10
130.25,308.0,5,10
130.5,314.6,5,10
130.75,330.8666666666667,5,10
131.0,329.8666666666667,5,11
131.25,359.53333333333336,5,11
131.5,334.0,5,11
131.75,326.26666666666665,5,11
132.0,306.3333333333333,5,12
132.25,381.53333333333336,5,12
132.5,142.26666666666668,5,12
132.75,510.1333333333333,5,12
133.0,278.0,5,13
133.25,270.26666666666665,5,13
133.5,263.6,5,13
133.75,275.6666666666667,5,13
134.0,266.93333333333334,5,14
134.25,293.4,5,14
134.5,288.6666666666667,5,14
134.75,283.46666666666664,5,14
135.0,316.2,5,15
135.25,342.73333333333335,5,15
135.5,318.93333333333334,5,15
135.75,285.53333333333336,5,15
136.0,324.46666666666664,5,16
136.25,265.0,5,16
136.5,343.46666666666664,5,16
136.75,298.8666666666667,5,16
137.0,282.8666666666667,5,17
137.25,247.73333333333332,5,17
137.5,366.3333333333333,5,17
137.75,330.1333333333333,5,17
138.0,308.1333333333333,5,18
138.25,207.0,5,18
138.5,399.26666666666665,5,18
138.75,379.1333333333333,5,18
139.0,332.6666666666667,5,19
139.25,274.6,5,19
139.5,275.8,5,19
139.75,283.8666666666667,5,19
140.0,309.53333333333336,5,20
140.25,280.73333333333335,5,20
140.5,246.93333333333334,5,20
140.75,243.06666666666666,5,20
141.0,290.53333333333336,5,21
141.25,231.6,5,21
141.5,237.0,5,21
141.75,291.8,5,21
142.0,270.1333333333333,5,22
142.25,282.1333333333333,5,22
142.5,237.93333333333334,5,22
142.75,213.2,5,22
143.0,273.26666666666665,5,23
143.25,268.93333333333334,5,23
143.5,240.26666666666668,5,23
143.75,201.06666666666666,5,23
144.0,226.46666666666667,6,0
144.25,181.86666666666667,6,0
144.5,209.86666666666667,6,0
144.75,177.13333333333333,6,0
145.0,167.06666666666666,6,1
145.25,205.8,6,1
145.5,167.73333333333332,6,1
145.75,132.6,6,1
146.0,162.6,6,2
146.25,100.66666666666667,6,2
146.5,98.73333333333333,6,2
146.75,93.0,6,2
147.0,129.2,6,3
147.25,129.2,6,3
147.5,135.06666666666666,6,3
147.75,135.4,6,3
148.0,138.93333333333334,6,4
148.25,161.86666666666667,6,4
148.5,140.53333333333333,6,4
148.75,99.46666666666667,6,4
149.0,125.66666666666667,6,5
149.25,81.6,6,5
149.5,78.26666666666667,6,5
149.75,73.53333333333333,6,5
150.0,100.73333333333333,6,6
150.25,119.6,6,6
150.5,123.13333333333334,6,6
150.75,108.86666666666666,6,6
151.0,88.46666666666667,6,7
151.25,152.4,6,7
151.5,120.73333333333333,6,7
151.75,109.8,6,7
152.0,150.93333333333334,6,8
152.25,146.26666666666668,6,8
152.5,133.66666666666666,6,8
152.75,133.66666666666666,6,8
153.0,163.4,6,9
153.25,213.73333333333332,6,9
153.5,227.33333333333334,6,9
153.75,217.0,6,9
154.0,295.46666666666664,6,10
154.25,303.26666666666665,6,10
154.5,310.4,6,10
154.75,348.2,6,10
155.0,377.8,6,11
155.25,380.46666666666664,6,11
155.5,344.06666666666666,6,11
155.75,354.06666666666666,6,11
156.0,331.6,6,12
156.25,178.73333333333332,6,12
156.5,523.6666666666666,6,12
156.75,372.73333333333335,6,12
157.0,284.1333333333333,6,13
157.25,307.3333333333333,6,13
157.5,351.0,6,13
157.75,295.46666666666664,6,13
158.0,294.93333333333334,6,14
158.25,295.0,6,14
158.5,211.6,6,14
158.75,311.6666666666667,6,14
159.0,307.93333333333334,6,15
159.25,332.1333333333333,6,15
159.5,341.53333333333336,6,15
159.75,316.4,6,15
160.0,376.2,6,16
160.25,342.3333333333333,6,16
160.5,382.26666666666665,6,16
160.75,346.06666666666666,6,16
161.0,393.46666666666664,6,17
161.25,384.1333333333333,6,17
161.5,382.8,6,17
161.75,340.6,6,17
162.0,153.93333333333334,6,18
162.25,487.1333333333333,6,18
162.5,387.8666666666667,6,18
162.75,332.8,6,18
163.0,324.6,6,19
163.25,340.3333333333333,6,19
163.5,370.8666666666667,6,19
163.75,326.4,6,19
164.0,321.2,6,20
164.25,295.4,6,20
164.5,309.06666666666666,6,20
164.75,250.0,6,20
165.0,250.4,6,21
165.25,227.93333333333334,6,21
165.5,304.6666666666667,6,21
165.75,240.86666666666667,6,21
166.0,275.06666666666666,6,22
166.25,217.0,6,22
166.5,221.93333333333334,6,22
166.75,210.0,6,22
167.0,250.73333333333332,6,23
167.25,271.8,6,23
167.5,203.73333333333332,6,23
167.75,241.06666666666666,6,23
168.0,206.8,0,0
168.25,246.6,0,0
168.5,199.73333333333332,0,0
168.75,162.06666666666666,0,0
169.0,208.4,0,1
169.25,190.66666666666666,0,1
169.5,181.73333333333332,0,1
169.75,151.8,0,1
170.0,164.86666666666667,0,2
170.25,179.66666666666666,0,2
170.5,127.8,0,2
170.75,142.33333333333334,0,2
171.0,112.8,0,3
171.25,91.66666666666667,0,3
171.5,87.13333333333334,0,3
171.75,86.0,0,3
172.0,98.2,0,4
172.25,81.53333333333333,0,4
172.5,92.0,0,4
172.75,90.33333333333333,0,4
173.0,90.93333333333334,0,5
173.25,67.0,0,5
173.5,87.06666666666666,0,5
173.75,56.93333333333333,0,5
174.0,64.6,0,6
174.25,61.46666666666667,0,6
174.5,84.4,0,6
174.75,70.73333333333333,0,6
175.0,122.13333333333334,0,7
175.25,90.26666666666667,0,7
175.5,104.66666666666667,0,7
175.75,87.2,0,7
176.0,87.46666666666667,0,8
176.25,110.06666666666666,0,8
176.5,118.53333333333333,0,8
176.75,113.86666666666666,0,8
177.0,123.46666666666667,0,9
177.25,190.73333333333332,0,9
177.5,194.4,0,9
177.75,188.13333333333333,0,9
178.0,233.93333333333334,0,10
178.25,300.46666666666664,0,10
178.5,316.3333333333333,0,10
178.75,264.4,0,10
179.0,290.0,0,11
179.25,323.8666666666667,0,11
179.5,289.73333333333335,0,11
179.75,293.26666666666665,0,11
180.0,305.4,0,12
180.25,392.26666666666665,0,12
180.5,386.53333333333336,0,12
180.75,378.26666666666665,0,12
181.0,280.8,0,13
181.25,281.8666666666667,0,13
181.5,218.46666666666667,0,13
181.75,252.2,0,13
182.0,245.8,0,14
182.25,243.06666666666666,0,14
182.5,248.0,0,14
182.75,223.26666666666668,0,14
183.0,306.0,0,15
183.25,200.13333333333333,0,15
183.5,356.8666666666667,0,15
183.75,265.73333333333335,0,15
184.0,305.0,0,16
184.25,281.93333333333334,0,16
184.5,302.26666666666665,0,16
184.75,287.73333333333335,0,16
185.0,284.6,0,17
185.25,230.8,0,17
185.5,260.1333333333333,0,17
185.75,244.86666666666667,0,17
186.0,293.6,0,18
186.25,244.06666666666666,0,18
186.5,238.0,0,18
186.75,265.8,0,18
187.0,296.06666666666666,0,19
187.25,242.26666666666668,0,19
187.5,231.0,0,19
187.75,192.66666666666666,0,19
188.0,240.2,0,20
188.25,252.73333333333332,0,20
188.5,254.13333333333333,0,20
188.75,195.66666666666666,0,20
189.0,206.6,0,21
189.25,248.86666666666667,0,21
189.5,229.8,0,21
189.75,170.93333333333334,0,21
190.0,196.33333333333334,0,22
190.25,193.86666666666667,0,22
190.5,219.8,0,22
190.75,150.46666666666667,0,22
191.0,105.2,0,23
191.25,254.8,0,23
191.5,250.86666666666667,0,23
191.75,227.53333333333333,0,23
192.0,164.73333333333332,1,0
192.25,194.26666666666668,1,0
192.5,148.26666666666668,1,0
192.75,192.06666666666666,1,0
193.0,191.0,1,1
193.25,145.06666666666666,1,1
193.5,152.8,1,1
193.75,197.2,1,1
194.0,162.53333333333333,1,2
194.25,143.93333333333334,1,2
194.5,171.46666666666667,1,2
194.75,129.53333333333333,1,2
195.0,107.46666666666667,1,3
195.25,95.86666666666666,1,3
195.5,55.333333333333336,1,3
195.75,140.86666666666667,1,3
196.0,109.4,1,4
196.25,96.8,1,4
196.5,91.66666666666667,1,4
196.75,83.2,1,4
197.0,89.2,1,5
197.25,73.2,1,5
197.5,84.0,1,5
197.75,69.66666666666667,1,5
198.0,86.4,1,6
198.25,84.06666666666666,1,6
198.5,79.46666666666667,1,6
198.75,31.8,1,6
199.0,135.6,1,7
199.25,85.8,1,7
199.5,122.93333333333334,1,7
199.75,92.8,1,7
200.0,127.86666666666666,1,8
200.25,116.33333333333333,1,8
200.5,117.33333333333333,1,8
200.75,99.0,1,8
201.0,168.13333333333333,1,9
201.25,133.53333333333333,1,9
201.5,247.6,1,9
201.75,211.13333333333333,1,9
202.0,190.73333333333332,1,10
202.25,232.46666666666667,1,10
202.5,251.86666666666667,1,10
202.75,272.6,1,10
203.0,307.6,1,11
203.25,268.2,1,11
203.5,240.26666666666668,1,11
203.75,238.13333333333333,1,11
204.0,259.1333333333333,1,12
204.25,281.6666666666667,1,12
204.5,229.13333333333333,1,12
204.75,251.46666666666667,1,12
205.0,244.8,1,13
205.25,217.26666666666668,1,13
205.5,261.3333333333333,1,13
205.75,291.4,1,13
206.0,277.3333333333333,1,14
206.25,274.0,1,14
206.5,309.26666666666665,1,14
206.75,294.2,1,14
207.0,301.93333333333334,1,15
207.25,286.93333333333334,1,15
207.5,310.8666666666667,1,15
207.75,189.0,1,15
208.0,312.6,1,16
208.25,205.4,1,16
208.5,287.73333333333335,1,16
208.75,286.0,1,16
209.0,283.6666666666667,1,17
209.25,280.4,1,17
209.5,296.26666666666665,1,17
209.75,210.46666666666667,1,17
210.0,262.8666666666667,1,18
210.25,263.8666666666667,1,18
210.5,201.0,1,18
210.75,174.0,1,18
211.0,192.86666666666667,1,19
211.25,227.0,1,19
211.5,232.06666666666666,1,19
211.75,201.6,1,19
212.0,238.46666666666667,1,20
212.25,264.93333333333334,1,20
212.5,192.53333333333333,1,20
212.75,242.06666666666666,1,20
213.0,235.0,1,21
213.25,146.73333333333332,1,21
213.5,299.46666666666664,1,21
213.75,259.53333333333336,1,21
214.0,219.0,1,22
214.25,318.46666666666664,1,22
214.5,226.73333333333332,1,22
214.75,184.2,1,22
215.0,223.06666666666666,1,23
215.25,213.46666666666667,1,23
215.5,251.46666666666667,1,23
215.75,149.4,1,23
216.0,206.73333333333332,2,0
216.25,224.66666666666666,2,0
216.5,182.13333333333333,2,0
216.75,141.13333333333333,2,0
217.0,140.4,2,1
217.25,110.26666666666667,2,1
217.5,119.0,2,1
217.75,111.0,2,1
218.0,108.6,2,2
218.25,142.4,2,2
218.5,109.26666666666667,2,2
218.75,101.66666666666667,2,2
219.0,118.66666666666667,2,3
219.25,96.06666666666666,2,3
219.5,111.6,2,3
219.75,81.73333333333333,2,3
220.0,77.53333333333333,2,4
220.25,68.8,2,4
220.5,86.4,2,4
220.75,68.4,2,4
221.0,81.2,2,5
221.25,68.26666666666667,2,5
221.5,85.26666666666667,2,5
221.75,66.13333333333334,2,5
222.0,77.4,2,6
222.25,78.86666666666666,2,6
222.5,84.26666666666667,2,6
222.75,90.13333333333334,2,6
223.0,90.86666666666666,2,7
223.25,99.0,2,7
223.5,108.86666666666666,2,7
223.75,56.2,2,7
224.0,146.2,2,8
224.25,131.73333333333332,2,8
224.5,115.53333333333333,2,8
224.75,119.6,2,8
225.0,156.53333333333333,2,9
225.25,131.4,2,9
225.5,201.66666666666666,2,9
225.75,276.2,2,9
226.0,223.0,2,10
226.25,274.46666666666664,2,10
226.5,285.6,2,10
226.75,305.06666666666666,2,10
227.0,335.73333333333335,2,11
227.25,370.1333333333333,2,11
227.5,378.73333333333335,2,11
227.75,355.46666666666664,2,11
228.0,332.1333333333333,2,12
228.25,321.53333333333336,2,12
228.5,354.6,2,12
228.75,310.4,2,12
229.0,331.6666666666667,2,13
229.25,339.3333333333333,2,13
229.5,306.6666666666667,2,13
229.75,288.53333333333336,2,13
230.0,310.6,2,14
230.25,303.73333333333335,2,14
230.5,356.8,2,14
230.75,287.46666666666664,2,14
231.0,210.4,2,15
231.25,363.0,2,15
231.5,317.2,2,15
231.75,240.8,2,15
232.0,357.93333333333334,2,16
232.25,283.8,2,16
232.5,289.93333333333334,2,16
232.75,307.73333333333335,2,16
233.0,363.8666666666667,2,17
233.25,388.26666666666665,2,17
233.5,342.6666666666667,2,17
233.75,320.46666666666664,2,17
234.0,356.06666666666666,2,18
234.25,357.06666666666666,2,18
234.5,350.53333333333336,2,18
234.75,323.26666666666665,2,18
235.0,249.53333333333333,2,19
235.25,308.06666666666666,2,19
235.5,348.8,2,19
235.75,263.73333333333335,2,19
236.0,294.46666666666664,2,20
236.25,283.2,2,20
236.5,331.93333333333334,2,20
236.75,228.66666666666666,2,20
237.0,252.93333333333334,2,21
237.25,300.0,2,21
237.5,199.4,2,21
237.75,197.6,2,21
238.0,196.86666666666667,2,22
238.25,221.26666666666668,2,22
238.5,202.2,2,22
238.75,214.66666666666666,2,22
239.0,195.73333333333332,2,23
239.25,273.6666666666667,2,23
239.5,402.3333333333333,2,23
239.75,223.4,2,23
240.0,170.73333333333332,3,0
240.25,158.6,3,0
240.5,153.66666666666666,3,0
240.75,116.93333333333334,3,0
241.0,117.33333333333333,3,1
241.25,131.53333333333333,3,1
241.5,126.4,3,1
241.75,108.8,3,1
242.0,144.13333333333333,3,2
242.25,126.06666666666666,3,2
242.5,102.26666666666667,3,2
242.75,106.26666666666667,3,2
243.0,111.2,3,3
243.25,140.66666666666666,3,3
243.5,161.26666666666668,3,3
243.75,102.26666666666667,3,3
244.0,90.73333333333333,3,4
244.25,88.0,3,4
244.5,88.33333333333333,3,4
244.75,73.8,3,4
245.0,58.4,3,5
245.25,140.46666666666667,3,5
245.5,93.4,3,5
245.75,118.8,3,5
246.0,104.46666666666667,3,6
246.25,127.2,3,6
246.5,114.66666666666667,3,6
246.75,116.8,3,6
247.0,104.73333333333333,3,7
247.25,124.46666666666667,3,7
247.5,116.4,3,7
247.75,95.8,3,7
248.0,112.8,3,8
248.25,139.06666666666666,3,8
248.5,121.26666666666667,3,8
248.75,88.73333333333333,3,8
249.0,202.73333333333332,3,9
249.25,205.4,3,9
249.5,180.33333333333334,3,9
249.75,273.8,3,9
250.0,211.06666666666666,3,10
250.25,294.6666666666667,3,10
250.5,288.4,3,10
250.75,128.8,3,10
251.0,509.6666666666667,3,11
251.25,360.53333333333336,3,11
251.5,393.4,3,11
251.75,369.73333333333335,3,11
252.0,363.6,3,12
252.25,391.46666666666664,3,12
252.5,498.73333333333335,3,12
252.75,429.53333333333336,3,12
253.0,226.2,3,13
253.25,380.26666666666665,3,13
253.5,321.6,3,13
253.75,300.2,3,13
254.0,335.53333333333336,3,14
254.25,338.6666666666667,3,14
254.5,383.6,3,14
254.75,367.93333333333334,3,14
255.0,396.6666666666667,3,15
255.25,414.1333333333333,3,15
255.5,401.3333333333333,3,15
255.75,432.6,3,15
256.0,442.73333333333335,3,16
256.25,417.93333333333334,3,16
256.5,366.6,3,16
256.75,344.0,3,16
257.0,315.8,3,17
257.25,357.73333333333335,3,17
257.5,313.26666666666665,3,17
257.75,335.6,3,17
258.0,334.3333333333333,3,18
258.25,354.8,3,18
258.5,298.93333333333334,3,18
258.75,317.93333333333334,3,18
259.0,333.0,3,19
259.25,358.6,3,19
259.5,394.2,3,19
259.75,333.93333333333334,3,19
260.0,370.06666666666666,3,20
260.25,338.1333333333333,3,20
260.5,343.6,3,20
260.75,145.46666666666667,3,20
261.0,540.1333333333333,3,21
261.25,135.93333333333334,3,21
261.5,583.3333333333334,3,21
261.75,374.0,3,21
262.0,308.93333333333334,3,22
262.25,387.53333333333336,3,22
262.5,382.3333333333333,3,22
262.75,357.93333333333334,3,22
263.0,369.53333333333336,3,23
263.25,348.6,3,23
263.5,1057.8,3,23
263.75,211.26666666666668,3,23
264.0,166.06666666666666,4,0
264.25,146.06666666666666,4,0
264.5,357.6666666666667,4,0
264.75,645.4666666666667,4,0
265.0,583.3333333333334,4,1
265.25,638.0,4,1
265.5,601.2,4,1
265.75,666.4666666666667,4,1
266.0,580.2666666666667,4,2
266.25,623.9333333333333,4,2
266.5,567.6,4,2
266.75,441.4,4,2
267.0,391.6,4,3
267.25,409.0,4,3
267.5,374.6666666666667,4,3
267.75,406.0,4,3
268.0,246.06666666666666,4,4
268.25,229.93333333333334,4,4
268.5,205.6,4,4
268.75,204.66666666666666,4,4
269.0,199.93333333333334,4,5
269.25,207.4,4,5
269.5,195.73333333333332,4,5
269.75,214.93333333333334,4,5
270.0,194.93333333333334,4,6
270.25,194.46666666666667,4,6
270.5,136.4,4,6
270.75,237.06666666666666,4,6
271.0,219.0,4,7
271.25,208.6,4,7
271.5,237.8,4,7
271.75,239.06666666666666,4,7
272.0,251.0,4,8
272.25,249.6,4,8
272.5,233.93333333333334,4,8
272.75,226.53333333333333,4,8
273.0,332.26666666666665,4,9
273.25,360.06666666666666,4,9
273.5,354.93333333333334,4,9
273.75,334.73333333333335,4,9
274.0,357.1333333333333,4,10
274.25,482.06666666666666,4,10
274.5,491.4,4,10
274.75,445.6,4,10
275.0,457.46666666666664,4,11
275.25,481.6,4,11
275.5,476.6,4,11
275.75,472.4,4,11
276.0,491.73333333333335,4,12
276.25,461.26666666666665,4,12
276.5,471.8,4,12
276.75,436.26666666666665,4,12
277.0,420.53333333333336,4,13
277.25,421.73333333333335,4,13
277.5,464.46666666666664,4,13
277.75,414.53333333333336,4,13
278.0,472.6,4,14
278.25,452.06666666666666,4,14
278.5,487.8666666666667,4,14
278.75,484.4,4,14
279.0,470.93333333333334,4,15
279.25,505.06666666666666,4,15
279.5,349.6,4,15
279.75,536.2,4,15
280.0,515.6,4,16
280.25,333.73333333333335,4,16
280.5,583.4666666666667,4,16
280.75,521.2666666666667,4,16
281.0,439.93333333333334,4,17
281.25,353.3333333333333,4,17
281.5,388.6,4,17
281.75,466.8666666666667,4,17
282.0,854.7333333333333,4,18
282.25,1165.4,4,18
282.5,1148.2,4,18
282.75,1151.1333333333334,4,18
283.0,1124.3333333333333,4,19
283.25,1227.1333333333334,4,19
283.5,1175.6,4,19
283.75,1106.2,4,19
284.0,1021.6666666666666,4,20
284.25,933.8,4,20
284.5,988.4666666666667,4,20
284.75,940.9333333333333,4,20
285.0,184.4,4,21
285.25,142.93333333333334,4,21
285.5,170.66666666666666,4,21
285.75,149.66666666666666,4,21
286.0,190.4,4,22
286.25,193.4,4,22
286.5,178.86666666666667,4,22
286.75,161.33333333333334,4,22
287.0,236.8,4,23
287.25,210.53333333333333,4,23
287.5,502.6666666666667,4,23
287.75,256.0,4,23
288.0,367.6666666666667,5,0
288.25,412.6666666666667,5,0
288.5,377.2,5,0
288.75,428.0,5,0
289.0,368.6,5,1
289.25,367.6666666666667,5,1
289.5,210.2,5,1
289.75,508.2,5,1
290.0,337.8666666666667,5,2
290.25,393.2,5,2
290.5,306.46666666666664,5,2
290.75,171.13333333333333,5,2
291.0,62.8,5,3
291.25,63.46666666666667,5,3
291.5,68.86666666666666,5,3
291.75,53.0,5,3
292.0,61.46666666666667,5,4
292.25,63.333333333333336,5,4
292.5,59.13333333333333,5,4
292.75,56.2,5,4
293.0,58.4,5,5
293.25,75.46666666666667,5,5
293.5,68.73333333333333,5,5
293.75,55.13333333333333,5,5
294.0,65.26666666666667,5,6
294.25,64.66666666666667,5,6
294.5,60.46666666666667,5,6
294.75,68.93333333333334,5,6
295.0,83.06666666666666,5,7
295.25,78.66666666666667,5,7
295.5,67.06666666666666,5,7
295.75,56.06666666666667,5,7
296.0,102.93333333333334,5,8
296.25,71.33333333333333,5,8
296.5,83.26666666666667,5,8
296.75,67.73333333333333,5,8
297.0,86.66666666666667,5,9
297.25,48.06666666666667,5,9
297.5,147.8,5,9
297.75,93.26666666666667,5,9
298.0,132.26666666666668,5,10
298.25,157.0,5,10
298.5,171.53333333333333,5,10
298.75,158.86666666666667,5,10
299.0,170.06666666666666,5,11
299.25,174.93333333333334,5,11
299.5,188.0,5,11
299.75,159.93333333333334,5,11
300.0,176.06666666666666,5,12
300.25,173.2,5,12
300.5,151.46666666666667,5,12
300.75,162.93333333333334,5,12
301.0,155.2,5,13
301.25,167.8,5,13
301.5,175.33333333333334,5,13
301.75,181.33333333333334,5,13
302.0,194.86666666666667,5,14
302.25,185.73333333333332,5,14
302.5,229.53333333333333,5,14
302.75,272.8666666666667,5,14
303.0,264.6666666666667,5,15
303.25,355.06666666666666,5,15
303.5,208.26666666666668,5,15
303.75,374.53333333333336,5,15
304.0,233.73333333333332,5,16
304.25,378.06666666666666,5,16
304.5,401.06666666666666,5,16
304.75,434.8666666666667,5,16
305.0,488.1333333333333,5,17
305.25,489.53333333333336,5,17
305.5,449.3333333333333,5,17
305.75,435.06666666666666,5,17
306.0,417.6,5,18
306.25,435.8,5,18
306.5,419.6666666666667,5,18
306.75,418.8,5,18
307.0,408.6666666666667,5,19
307.25,451.8666666666667,5,19
307.5,412.3333333333333,5,19
307.75,396.8666666666667,5,19
308.0,403.2,5,20
308.25,404.93333333333334,5,20
308.5,407.26666666666665,5,20
308.75,391.46666666666664,5,20
309.0,397.4,5,21
309.25,408.73333333333335,5,21
309.5,417.6,5,21
309.75,431.6,5,21
310.0,430.1333333333333,5,22
310.25,410.3333333333333,5,22
310.5,389.3333333333333,5,22
310.75,401.4,5,22
311.0,428.26666666666665,5,23
311.25,391.1333333333333,5,23
311.5,543.6,5,23
311.75,277.8,5,23
312.0,246.0,6,0
312.25,597.7333333333333,6,0
312.5,358.6666666666667,6,0
312.75,341.4,6,0
313.0,92.53333333333333,6,1
313.25,98.93333333333334,6,1
313.5,326.06666666666666,6,1
313.75,376.26666666666665,6,1
314.0,350.6666666666667,6,2
314.25,338.2,6,2
314.5,314.6666666666667,6,2
314.75,306.93333333333334,6,2
315.0,297.6666666666667,6,3
315.25,299.3333333333333,6,3
315.5,303.0,6,3
315.75,290.93333333333334,6,3
316.0,303.46666666666664,6,4
316.25,299.06666666666666,6,4
316.5,296.06666666666666,6,4
316.75,292.2,6,4
317.0,284.53333333333336,6,5
317.25,282.1333333333333,6,5
317.5,62.333333333333336,6,5
317.75,24.933333333333334,6,5
318.0,29.0,6,6
318.25,39.93333333333333,6,6
318.5,32.8,6,6
318.75,31.733333333333334,6,6
319.0,33.86666666666667,6,7
319.25,31.733333333333334,6,7
319.5,33.6,6,7
319.75,51.333333333333336,6,7
320.0,56.333333333333336,6,8
320.25,62.46666666666667,6,8
320.5,138.2,6,8
320.75,74.13333333333334,6,8
321.0,233.46666666666667,6,9
321.25,63.13333333333333,6,9
321.5,71.06666666666666,6,9
321.75,73.4,6,9
322.0,684.9333333333333,6,10
322.25,191.33333333333334,6,10
322.5,129.33333333333334,6,10
322.75,242.53333333333333,6,10
323.0,360.4,6,11
323.25,438.93333333333334,6,11
323.5,411.8,6,11
323.75,274.3333333333333,6,11
324.0,746.1333333333333,6,12
324.25,192.2,6,12
324.5,154.26666666666668,6,12
324.75,108.4,6,12
325.0,123.33333333333333,6,13
325.25,167.53333333333333,6,13
325.5,135.13333333333333,6,13
325.75,345.0,6,13
326.0,148.6,6,14
326.25,336.6666666666667,6,14
326.5,259.93333333333334,6,14
326.75,45.53333333333333,6,14
327.0,334.3333333333333,6,15
327.25,378.8666666666667,6,15
327.5,286.2,6,15
327.75,346.6,6,15
328.0,354.8666666666667,6,16
328.25,1109.6,6,16
328.5,587.8,6,16
328.75,388.6,6,16
329.0,486.0,6,17
329.25,389.26666666666665,6,17
329.5,406.8666666666667,6,17
329.75,383.6,6,17
330.0,495.8,6,18
330.25,420.53333333333336,6,18
330.5,414.4,6,18
330.75,396.4,6,18
331.0,404.53333333333336,6,19
331.25,356.4,6,19
331.5,170.66666666666666,6,19
331.75,472.26666666666665,6,19
332.0,390.6,6,20
332.25,361.46666666666664,6,20
332.5,288.0,6,20
332.75,375.8666666666667,6,20
333.0,336.46666666666664,6,21
333.25,345.46666666666664,6,21
333.5,277.6666666666667,6,21
333.75,364.06666666666666,6,21
334.0,509.0,6,22
334.25,387.46666666666664,6,22
334.5,330.93333333333334,6,22
334.75,348.93333333333334,6,22
335.0,334.06666666666666,6,23
335.25,368.26666666666665,6,23
335.5,503.46666666666664,6,23
335.75,301.0,6,23
