idx,x_last_hour,x_start_hour,point_pred,pred_refined,target,ci_lower,ci_upper,error_rate_refined_pct
0,58.0615,47.159092,46.86866,46.86866,42.43316,46.86866,46.86866,10.452912
1,42.43316,32.439842,31.142555,31.142555,27.47995,31.142555,31.142555,13.328282
2,27.47995,17.219254,16.672493,17.445387,12.787437,15.899597,17.445389,36.42598
3,12.787437,9.284763,10.096672,10.074799,9.030754,9.5462265,10.647118,11.560989
4,9.030754,6.3369026,5.250431,5.475672,8.790112,2.4312935,8.069569,37.70646
5,8.790112,3.8703232,3.8967056,4.111021,7.5869026,0.0,11.098991,45.814236
6,7.5869026,4.9465256,8.441372,8.631253,8.19519,1.0885696,15.794174,5.32096
7,8.19519,14.324871,17.612587,16.306316,15.621662,12.856472,22.368702,4.3827233
8,15.621662,32.88102,34.274643,34.823433,34.124336,28.593521,39.955765,2.0486748
9,34.124336,53.26747,53.880836,54.701416,55.48797,49.12472,58.63695,1.4175189
10,55.48797,69.61899,66.41783,66.88605,65.82888,61.661716,71.17395,1.605932
11,65.82888,67.51106,75.22587,73.89124,69.45539,70.94672,79.50502,6.3866205
12,69.45539,65.167114,69.970695,70.394264,69.24465,65.214584,74.72681,1.6602182
13,69.24465,60.13369,66.19873,66.31846,61.243317,61.154297,71.243164,8.28685
14,61.243317,57.07888,65.27802,66.1707,60.661766,60.521908,70.034134,9.081394
15,60.661766,65.033424,66.81761,66.54092,68.84566,62.061497,71.57373,3.3476927
16,68.84566,66.45722,67.152115,66.85647,66.50401,62.396,71.90823,0.5299757
17,66.50401,64.47539,66.96894,67.44813,68.12166,61.924507,72.013374,0.98871726
18,68.12166,62.707222,69.00752,69.524216,66.90255,63.96309,74.051956,3.918634
19,66.90255,71.723465,77.43185,77.51118,65.167114,73.01561,81.84808,18.942165
20,65.167114,85.49465,86.308685,85.65529,80.2607,81.55257,91.064804,6.7213373
21,80.2607,84.1377,89.39345,86.712524,74.37166,84.41138,94.37552,16.593508
22,74.37166,73.99065,79.77303,80.00699,71.25668,69.49922,90.046844,12.279979
23,71.25668,58.0615,60.310635,60.44202,53.0615,50.036827,70.58444,13.9093685
24,53.0615,42.43316,44.567955,44.28351,42.5869,34.408195,54.727715,3.9838765
25,42.5869,27.47995,29.585749,28.786407,24.318184,19.311941,39.85956,18.374002
26,24.318184,12.787437,15.9250145,13.696226,14.692516,5.651207,26.198822,6.7809367
27,14.692516,9.030754,10.251537,10.069474,9.151073,0.0,20.535213,10.03599
28,9.151073,8.790112,6.6630745,4.274727,6.4037476,0.0,16.94675,33.246483
29,6.4037476,7.5869026,5.6910057,4.753806,3.7433205,0.0,15.974682,26.994366
30,3.7433205,8.19519,8.818871,10.154384,9.137703,0.0,19.102547,11.126218
31,9.137703,15.621662,19.175835,19.3306,15.6283455,8.8921585,29.45951,23.689362
32,15.6283455,34.124336,40.33947,36.47672,35.24733,30.055794,50.623146,3.487893
33,35.24733,55.48797,59.51164,58.13314,55.307487,49.35188,69.6714,5.1089883
34,55.307487,65.82888,71.00635,69.98367,80.92246,62.289104,79.72359,13.517618
35,80.92246,69.45539,80.94667,82.39954,77.59358,69.47237,92.420975,6.193762
36,77.59358,69.24465,74.80041,73.83221,74.71449,63.131706,86.46911,1.1808767
37,74.71449,61.243317,70.237915,70.37079,75.34091,58.569214,81.90662,6.5968456
38,75.34091,60.661766,69.846725,69.01231,64.745995,57.825638,81.86781,6.5893064
39,64.745995,68.84566,71.011246,71.15067,71.62433,58.990158,83.03233,0.6613056
40,71.62433,66.50401,71.00793,70.15591,76.017,58.98684,83.029015,7.710238
41,76.017,68.12166,72.18447,72.35569,68.937164,60.163383,84.20556,4.958901
42,68.937164,66.90255,76.85868,74.67129,76.283424,65.0842,88.63316,2.1133513
43,76.283424,65.167114,83.127174,83.82031,84.86631,71.35269,94.90166,1.2325239
44,84.86631,80.2607,89.1675,88.39371,87.600266,77.27033,101.064674,0.9057527
45,87.600266,74.37166,88.731316,88.57259,88.59626,76.867516,100.595116,0.026712619
46,88.59626,71.25668,81.960495,81.09454,85.18048,75.01138,88.90961,4.7968006
47,85.18048,53.0615,64.136116,64.466034,63.34893,57.80062,70.47161,1.7634134
48,63.34893,42.5869,46.934822,47.23262,43.796795,40.73136,53.138283,7.844924
49,43.796795,24.318184,31.062916,31.391666,30.006687,24.859455,37.266376,4.6155686
50,30.006687,14.692516,18.917072,20.444614,16.711231,12.757847,25.076298,22.340563
51,16.711231,9.151073,10.45623,10.042349,9.177811,4.2970047,16.615456,9.419874
52,9.177811,6.4037476,6.4290924,5.8536043,5.5213966,0.26986694,12.588318,6.0167327
53,5.5213966,3.7433205,5.881054,5.0082884,4.271393,0.0,12.040279,17.25188
54,4.271393,9.137703,9.886429,10.093338,8.4492,3.7272034,16.045654,19.4591
55,8.4492,15.6283455,20.672562,23.043886,16.844921,14.291145,27.053978,36.8002
56,16.844921,35.24733,41.652676,42.705353,37.627007,35.27126,48.034092,13.496547
57,37.627007,55.307487,64.48989,64.68914,63.576206,58.108475,70.87131,1.7505513
58,63.576206,80.92246,80.98911,80.57776,75.23511,74.82989,87.14834,7.1012745
59,75.23511,77.59358,85.50059,84.145134,72.71594,79.2131,91.78808,15.7175865
60,72.71594,74.71449,78.17369,78.932556,73.963905,71.792274,84.55511,6.71767
61,73.963905,75.34091,76.355995,75.86632,66.704544,69.815765,82.896225,13.734857
62,66.704544,64.745995,74.77688,74.68684,66.25668,66.692665,82.86109,12.723475
63,66.25668,71.62433,75.846344,76.1774,74.72594,67.76213,83.93056,1.9423802
64,74.72594,76.017,76.28063,74.81555,83.57459,68.19642,84.364845,10.480507
65,83.57459,68.937164,78.3015,78.32101,78.55615,69.4403,87.1627,0.29933438
66,78.55615,76.283424,84.43048,83.997215,74.99309,75.699295,93.16167,12.00661
67,74.99309,84.86631,91.83639,91.83832,80.42781,82.97519,100.697586,14.187266
68,80.42781,87.600266,99.192276,99.18817,96.1631,89.39336,108.991196,3.1457703
69,96.1631,88.59626,102.37665,101.58499,97.33957,92.87685,111.87645,4.361456
70,97.33957,85.18048,95.10197,95.922676,81.6377,85.3465,104.85744,17.49801
71,81.6377,63.34893,75.84093,75.29193,68.382355,65.514694,86.16716,10.104327
72,68.382355,43.796795,49.779648,52.114532,51.149734,40.143024,59.41627,1.8862228
73,51.149734,30.006687,28.504326,29.07873,40.16043,18.867702,38.14095,27.593582
74,40.16043,16.711231,17.181488,20.684477,22.934494,6.059887,28.30309,9.810625
75,22.934494,9.177811,8.7887,9.390249,11.504017,0.0,19.910301,18.37417
76,11.504017,5.5213966,5.4739227,7.7951493,7.1256714,0.0,16.595524,9.395296
77,7.1256714,4.271393,4.79895,6.4184647,7.3128357,0.0,15.920551,12.230153
78,7.3128357,8.4492,9.435177,5.148014,7.8609657,0.0,20.556778,34.511684
79,7.8609657,16.844921,17.01173,19.470535,16.584229,5.890129,28.133331,17.403927
80,16.584229,37.627007,34.670715,36.45296,34.946526,24.235626,45.105804,4.310687
81,34.946526,63.576206,56.464737,57.264297,70.44302,44.574684,68.35479,18.708347
82,70.44302,75.23511,73.71202,73.68785,92.02471,60.481705,86.94234,19.926018
83,92.02471,72.71594,74.73953,77.4928,101.03433,59.64084,89.83823,23.30053
84,101.03433,73.963905,72.36015,73.0096,97.17914,53.61996,91.10034,24.87112
85,97.17914,66.704544,70.43292,67.58784,86.397064,45.86859,94.99725,21.770678
86,86.397064,66.25668,70.78088,73.36857,85.82219,46.23771,95.32406,14.510957
87,85.82219,74.72594,73.87036,72.55363,95.205605,50.421463,97.31926,23.792692
88,95.205605,83.57459,78.04412,81.21056,87.50668,54.876884,101.21136,7.195016
89,87.50668,78.55615,83.99138,90.6899,84.612305,60.824142,107.158615,7.1828785
90,84.612305,74.99309,89.51503,90.869644,84.92647,66.34779,112.68227,6.9980254
91,84.92647,80.42781,98.360825,101.798546,90.27406,75.19359,121.52806,12.766107
92,90.27406,96.1631,108.67896,108.00008,102.09893,85.51173,131.84619,5.7798314
93,102.09893,97.33957,110.53876,107.118515,93.917114,87.37152,133.706,14.056438
94,93.917114,81.6377,103.83525,101.75038,94.24466,80.668015,127.00249,7.9640822
95,94.24466,68.382355,88.75484,91.64807,73.34893,65.5876,111.92207,24.948069
96,73.34893,51.149734,65.28265,64.96304,55.22059,42.115417,88.44989,17.642794
97,55.22059,40.16043,49.52483,53.53508,38.161766,26.357594,72.69206,40.2846
98,38.161766,22.934494,29.916721,34.119755,18.529415,5.7186623,54.11478,84.13833
99,18.529415,11.504017,15.429905,15.956815,10.207222,0.0,39.97308,56.32867
100,10.207222,7.1256714,9.298347,2.5683932,7.573532,0.0,34.544834,66.08725
101,7.573532,7.3128357,8.527378,13.51762,5.728615,0.0,34.920574,135.96664
102,5.728615,7.8609657,10.947475,14.598781,5.9692535,0.0,37.491276,144.56627
103,5.9692535,16.584229,20.089046,21.685516,13.001343,0.0,47.706795,66.79443
104,13.001343,34.946526,46.15724,48.2787,36.370323,16.749695,75.56479,32.74202
105,36.370323,70.44302,68.540405,68.92979,58.877007,38.7432,98.337616,17.074203
106,58.877007,92.02471,86.68567,91.00879,79.37166,56.644,116.72734,14.66157
107,79.37166,101.03433,98.76188,98.54562,85.1423,67.36286,130.16089,15.742257
108,85.1423,97.17914,100.166145,100.003204,85.93583,71.743195,128.5891,16.369627
109,85.93583,86.397064,100.28669,101.39936,85.51471,77.00854,123.56484,18.575344
110,85.51471,85.82219,100.87261,102.18231,83.74332,77.744545,124.00068,22.018469
111,83.74332,95.205605,101.07506,104.26949,86.61096,82.021904,120.12821,20.388334
112,86.61096,87.50668,100.98926,104.463425,89.621445,90.70493,111.27358,16.560747
113,89.621445,84.612305,100.94569,99.63531,89.786095,92.88358,109.00779,10.969642
114,89.786095,84.92647,100.20384,98.404655,92.51337,92.94054,107.46715,6.36804
115,92.51337,90.27406,100.002304,100.04749,82.83423,92.739,107.26561,20.780376
116,82.83423,102.09893,101.87523,101.965004,89.66578,93.514404,110.23605,13.716743
117,89.66578,93.917114,103.102806,104.510445,89.518715,94.538506,111.66711,16.747034
118,89.518715,94.24466,98.279495,99.89792,83.64305,89.715195,106.843796,19.433613
119,83.64305,73.34893,81.8958,80.462845,74.01738,73.32675,90.46484,8.708043
120,74.01738,55.22059,62.125824,63.531487,54.498665,53.561523,70.690125,16.57439
121,54.498665,38.161766,43.105503,45.173748,33.556152,34.541203,51.669804,34.621357
122,33.556152,18.529415,25.71323,23.575314,21.744656,17.352402,34.07406,8.418887
123,21.744656,10.207222,14.485531,17.633125,12.733959,7.104374,21.866688,38.473236
124,12.733959,7.573532,9.705261,9.786279,6.798134,1.6699142,17.740608,43.95537
125,6.798134,5.728615,6.893894,3.430067,9.151073,0.0,14.275051,62.517326
126,9.151073,5.9692535,6.5705757,3.4172444,8.803482,0.0,14.605923,61.183037
127,8.803482,13.001343,10.620605,12.947105,9.538773,0.0,22.64043,35.731358
128,9.538773,36.370323,30.363518,30.721077,28.094923,18.343693,42.383343,9.347432
129,28.094923,58.877007,52.846916,51.735683,54.2246,40.95061,64.743225,4.5900164
130,54.2246,79.37166,71.90207,67.61962,70.347595,60.119812,83.684326,3.8778496
131,70.347595,85.1423,89.46405,87.67482,84.12434,77.68179,101.24631,4.220519
132,84.12434,85.93583,92.04231,94.66511,80.26738,81.930984,102.15364,17.937208
133,80.26738,85.51471,92.452965,90.34058,80.1738,82.341644,102.564285,12.680934
134,80.1738,83.74332,90.789734,97.11154,85.300804,80.678406,100.90106,13.845986
135,85.300804,86.61096,89.85357,89.7496,88.19519,79.93019,99.77695,1.7624689
136,88.19519,89.621445,88.6911,89.04536,91.43048,78.83104,98.55116,2.6086752
137,91.43048,89.786095,88.23947,84.23028,88.26203,79.09196,97.386986,4.5679364
138,88.26203,92.51337,88.42873,91.0672,81.45722,79.131996,97.72546,11.797576
139,81.45722,82.83423,88.66835,91.035385,84.11096,79.37162,97.96508,8.232487
140,84.11096,89.66578,90.70593,93.41951,90.15375,81.67923,99.732635,3.6224365
141,90.15375,89.518715,91.63516,90.57856,74.58556,82.019646,101.25068,21.442482
142,74.58556,83.64305,86.60271,86.99862,71.751335,75.93484,97.27058,21.250175
143,71.751335,74.01738,71.97759,71.701935,61.417114,61.094795,82.86039,16.745855
144,61.417114,54.498665,54.872395,57.57434,42.372997,43.989597,65.75519,35.875072
145,42.372997,33.556152,35.45424,36.4418,28.9238,24.571442,46.337036,25.992435
146,28.9238,21.744656,20.983887,22.768427,15.875671,10.1010895,31.866684,43.417095
147,15.875671,12.733959,11.82629,10.765384,10.855618,1.5323067,22.120274,0.8312176
148,10.855618,6.798134,6.592041,6.6304407,10.11364,0.0,16.886024,34.44061
149,10.11364,9.151073,5.4606285,6.703884,4.5454597,0.0,15.754612,47.485283
150,4.5454597,8.803482,5.3154907,6.9953804,5.5748672,0.0,15.609474,25.480663
151,5.5748672,9.538773,10.875969,10.356362,14.070858,0.5819855,21.169952,26.3985
152,14.070858,28.094923,26.583195,28.811396,39.144386,16.289211,36.87718,26.397121
153,39.144386,54.2246,48.295834,48.79382,76.397064,35.803623,60.788044,36.13129
154,76.397064,70.347595,56.20062,55.73455,91.79652,39.08204,73.3192,39.28468
155,91.79652,84.12434,65.215454,68.60446,92.20589,32.556835,97.87407,25.59644
156,92.20589,80.26738,64.42699,59.650635,90.29169,34.667377,94.1866,33.93563
157,90.29169,80.1738,65.26429,61.26187,74.49198,36.192387,94.3362,17.760448
158,74.49198,85.300804,65.553474,67.96922,77.87433,36.537075,94.56987,12.719347
159,77.87433,88.19519,66.34765,65.32869,95.661766,37.694233,95.00107,31.708673
160,95.661766,91.43048,67.21582,59.03859,93.65642,37.924263,96.50738,36.96258
161,93.65642,88.26203,68.92006,72.736145,84.42513,39.6285,98.21162,13.845388
162,84.42513,81.45722,72.54449,71.04855,86.14005,43.489746,101.59923,17.519724
163,86.14005,84.11096,79.65813,78.42994,85.635025,53.5389,105.77736,8.413713
164,85.635025,90.15375,86.59592,89.791245,93.17513,60.8034,112.388435,3.6317506
165,93.17513,74.58556,85.88136,81.93298,90.614975,62.544144,109.21858,9.581189
166,90.614975,71.751335,77.84793,83.01294,80.60161,54.51071,101.18515,2.9916663
167,80.60161,61.417114,62.66018,62.24757,69.81952,39.32296,85.9974,10.845032
168,69.81952,42.372997,47.41863,45.437386,50.568184,24.683727,70.153534,10.146297
169,50.568184,28.9238,30.19352,29.603357,27.279411,7.458618,52.92842,8.519048
170,27.279411,15.875671,17.031078,17.340044,14.344925,0.0,39.76598,20.879293
171,14.344925,10.855618,10.45348,5.162495,13.168453,0.0,33.18838,60.7965
172,13.168453,10.11364,5.8905487,6.5332146,8.375675,0.0,28.62545,21.997755
173,8.375675,4.5454597,4.601818,10.837296,5.1470604,0.0,27.33672,110.55311
174,5.1470604,5.5748672,9.862438,7.7322044,8.495991,0.0,32.59734,8.989962
175,8.495991,14.070858,20.382828,19.927053,16.383694,0.0,43.11773,21.627356
176,16.383694,39.144386,43.325104,42.862946,37.486633,20.590202,66.060005,14.341945
177,37.486633,76.397064,61.707752,66.53157,68.8369,38.370533,85.04497,3.3489718
178,68.8369,91.79652,73.34598,77.96733,84.98663,50.00876,96.6832,8.259301
179,84.98663,92.20589,71.988655,69.92065,89.57887,50.97512,93.00219,21.94516
180,89.57887,90.29169,69.86181,67.15933,79.02453,49.39811,90.32551,15.014574
181,79.02453,74.49198,68.066666,67.613525,71.016045,47.602966,88.530365,4.791198
182,71.016045,77.87433,68.226006,67.427025,76.50401,46.51902,89.93299,11.864721
183,76.50401,95.661766,69.07742,67.92895,89.56766,47.370438,90.78441,24.159067
184,89.56766,93.65642,69.20134,69.6346,90.14706,53.444717,84.95796,22.75444
185,90.14706,84.42513,69.000916,67.16024,84.03743,53.244293,84.75754,20.082943
186,84.03743,86.14005,70.93878,76.52056,81.05826,55.18216,86.695404,5.5980687
187,81.05826,85.635025,79.669304,83.62494,73.95722,63.91268,95.42593,13.07204
188,73.95722,93.17513,91.239624,92.89225,86.7246,73.89894,108.58031,7.111763
189,86.7246,90.614975,94.90399,98.87486,89.67246,77.36314,112.44485,10.262237
190,89.67246,80.60161,86.83762,85.618744,81.96524,69.10107,104.57418,4.4573812
191,81.96524,69.81952,71.14512,72.343056,65.614975,53.369858,88.92038,10.2538805
192,65.614975,50.568184,48.747704,50.2501,39.725937,30.742596,66.75281,26.491917
193,39.725937,27.279411,30.343712,30.252531,28.930485,10.39872,50.288704,4.569734
194,28.930485,14.344925,16.727047,14.199191,14.705887,0.0,36.67204,3.44553
195,14.705887,13.168453,10.900883,13.901258,12.586903,0.0,30.845875,10.44225
196,12.586903,8.375675,6.5025215,4.108557,12.058826,0.0,26.447514,65.92905
197,12.058826,5.1470604,5.782963,5.9190264,4.090912,0.0,25.727955,44.687214
198,4.090912,8.495991,9.953716,26.701782,5.233963,0.0,31.810398,410.16373
199,5.233963,16.383694,22.234222,21.754095,16.196526,0.33076096,44.137684,34.313347
200,16.196526,37.486633,44.32531,54.57856,38.16845,22.421848,66.228775,42.993916
201,38.16845,68.8369,64.73152,65.65742,63.75,42.82806,86.63498,2.992027
202,63.75,84.98663,74.376755,78.17763,77.68048,52.473293,96.28021,0.6399891
203,77.68048,89.57887,79.44193,80.741554,97.840576,57.53847,101.3454,17.476412
204,97.840576,79.02453,72.69536,82.44275,84.95989,50.791897,94.598816,2.962743
205,84.95989,71.016045,71.27892,71.13916,75.15375,49.37546,93.18239,5.3418326
206,75.15375,76.50401,71.91638,72.314224,75.54144,50.01292,93.81984,4.2721167
207,75.54144,89.56766,72.70598,73.71718,87.19524,50.802517,94.609436,15.457333
208,87.19524,90.14706,72.96234,76.07483,93.1501,53.15047,92.774216,18.330921
209,93.1501,84.03743,72.869354,76.739265,91.86531,53.057484,92.68123,16.46546
210,91.86531,81.05826,77.81147,79.85139,128.51605,57.402287,98.22066,37.866604
211,128.51605,73.95722,84.70397,88.99406,127.89455,63.102985,106.30496,30.416065
212,127.89455,86.7246,93.212006,96.89927,128.23584,49.03991,137.3841,24.436672
213,128.23584,89.67246,95.98861,102.41558,119.852936,54.484055,137.49316,14.548959
214,119.852936,81.96524,88.092606,85.51762,105.635025,48.205757,127.979454,19.04426
215,105.635025,65.614975,70.917366,71.42663,82.89439,31.351852,110.48288,13.83418
216,82.89439,39.725937,47.65755,52.03288,48.963905,8.341801,86.9733,6.2678285
217,48.963905,28.930485,32.15497,45.539894,34.077545,0.0,71.47072,33.636074
218,34.077545,14.705887,19.831993,25.358555,16.156422,0.0,59.147743,56.956505
219,16.156422,12.586903,11.655342,21.7668,9.050808,0.0,50.971092,140.49565
220,9.050808,12.058826,7.422386,8.82481,6.7179184,0.0,46.738136,31.362268
221,6.7179184,4.090912,5.6221924,6.4440837,5.6283455,0.0,45.187706,14.493392
222,5.6283455,5.233963,7.310314,14.649213,6.9719276,0.0,46.875828,110.11711
223,6.9719276,16.196526,22.030117,32.498066,20.300804,0.0,61.59563,60.082657
224,20.300804,38.16845,47.035717,50.322617,45.688507,7.4702034,86.60123,10.142835
225,45.688507,63.75,70.219345,70.66558,84.93837,30.653831,109.78486,16.8037
226,84.93837,77.68048,82.24682,89.8083,88.62299,42.93107,121.56257,1.3374664
227,88.62299,97.840576,82.24192,83.34923,103.972176,45.42752,119.05632,19.835064
228,103.972176,84.95989,79.456696,80.56526,98.90375,42.642296,116.271095,18.54175
229,98.90375,75.15375,77.83549,75.5308,89.077545,41.021088,114.64989,15.207812
230,89.077545,75.54144,77.471466,83.86096,83.04905,45.52295,109.41998,0.97763014
231,83.04905,87.19524,77.49301,66.312874,83.54947,45.544495,109.44153,20.630405
232,83.54947,93.1501,77.66309,87.7548,80.76872,40.848694,114.47749,8.649483
233,80.76872,91.86531,79.72327,74.84004,76.53075,42.58915,116.85738,2.2091832
234,76.53075,128.51605,88.92296,89.88161,72.76738,51.309967,126.53595,23.519093
235,72.76738,127.89455,99.42186,98.989136,76.53744,67.503654,131.34006,29.33427
236,76.53744,128.23584,106.24661,109.147804,82.71713,81.43961,131.05362,31.953081
237,82.71713,119.852936,108.91894,102.670166,80.60161,84.728165,133.10971,27.379799
238,80.60161,105.635025,99.76359,99.36102,78.97727,76.22795,123.299225,25.809643
239,78.97727,82.89439,83.48561,87.173195,61.076206,60.294518,106.676704,42.72857
240,61.076206,48.963905,52.065887,50.495384,42.339577,29.240875,74.8909,19.262846
241,42.339577,34.077545,31.175709,28.923342,3.4959946,8.098244,54.253174,727.328
242,3.4959946,16.156422,19.750618,17.279991,3.482624,0.0,45.70102,396.17734
243,3.482624,9.050808,10.42849,4.6679792,1.4505386,0.0,36.37889,221.81006
244,1.4505386,6.7179184,3.4443512,11.332792,1.5107002,0.0,29.394753,650.16815
245,1.5107002,5.6283455,6.562977,3.0389824,1.7246056,0.0,32.30904,76.21319
246,1.7246056,6.9719276,9.419563,0.0,4.1711273,0.0,34.34234,100.0
247,4.1711273,20.300804,18.497791,28.34945,9.592247,0.0,42.783215,195.54544
248,9.592247,45.688507,39.41964,45.008053,30.227276,14.724152,64.11513,48.898808
249,30.227276,84.93837,58.447495,70.328514,63.54278,30.094898,86.800095,10.678998
250,63.54278,88.62299,71.83472,74.333954,81.74465,43.48212,100.18732,9.065667
251,81.74465,103.972176,84.19426,91.18137,85.01994,55.841663,112.54686,7.247041
252,85.01994,98.90375,73.51079,78.41738,74.43182,53.363186,93.65839,5.354642
253,74.43182,89.077545,68.73464,64.882675,66.39037,49.322857,88.14642,2.270959
254,66.39037,83.04905,70.44803,68.5496,71.5107,51.63255,89.263504,4.140776
255,71.5107,83.54947,73.89367,71.8241,75.320854,55.07819,92.70915,4.6424823
256,75.320854,80.76872,80.299164,82.12913,81.74657,61.483685,99.11464,0.46798387
257,81.74657,76.53075,85.86038,86.26609,78.833954,67.04491,104.67586,9.427584
258,78.833954,72.76738,91.09433,97.93633,77.78075,72.278854,109.909805,25.913338
259,77.78075,76.53744,97.82411,96.41255,79.39171,79.00864,116.63959,21.43907
260,79.39171,82.71713,103.43317,101.91989,89.786095,84.61769,122.24864,13.514116
261,89.786095,80.60161,102.289536,105.559746,83.068184,83.47406,121.10501,27.076023
262,83.068184,78.97727,93.98648,96.40661,81.02273,75.21231,112.76065,18.987118
263,81.02273,61.076206,73.958534,70.94476,63.923798,55.184364,92.732704,10.9833355
264,63.923798,42.339577,59.841682,61.385036,45.528076,41.067513,78.61585,34.828968
265,45.528076,3.4959946,41.726162,40.69817,28.509361,22.951992,60.50033,42.753704
266,28.509361,3.482624,26.37397,22.606506,17.266048,12.373138,40.3748,30.9304
267,17.266048,1.4505386,14.388561,20.200277,10.487972,0.38772964,28.389393,92.60422
268,10.487972,1.5107002,8.516674,6.8614264,6.2165794,0.0,20.711597,10.373018
269,6.2165794,1.7246056,7.4625397,3.339819,4.71257,0.0,19.657463,29.129564
270,4.71257,4.1711273,9.7516365,6.4084015,8.074871,0.0,21.94656,20.637724
271,8.074871,9.592247,16.165134,18.71375,13.576206,3.970211,28.360058,37.84227
272,13.576206,30.227276,41.282883,42.817993,30.788773,26.751068,55.814697,39.070152
273,30.788773,63.54278,64.70123,65.101265,54.645725,50.16942,79.23305,19.133318
274,54.645725,81.74465,79.14797,76.9236,68.28209,66.95305,91.342896,12.655602
275,68.28209,85.01994,97.44716,102.98483,84.80921,86.91205,107.98227,21.431187
276,84.80921,74.43182,98.38142,99.60242,80.48797,86.919495,109.84334,23.748205
277,80.48797,66.39037,97.18236,94.16325,77.30615,85.69966,108.665054,21.80564
278,77.30615,71.5107,97.16678,98.17569,84.53877,85.24548,109.08807,16.130962
279,84.53877,75.320854,97.72583,95.523964,88.10829,85.43276,110.0189,8.416543
280,88.10829,81.74657,98.10266,98.60717,90.28075,88.91354,107.29178,9.222813
281,90.28075,78.833954,98.00792,94.960655,83.09746,88.9976,107.01824,14.276245
282,83.09746,77.78075,98.99241,99.96826,77.94118,88.6645,109.32032,28.261164
283,77.94118,79.39171,100.542145,102.68987,78.81685,90.21423,110.870056,30.289238
284,78.81685,89.786095,101.24759,101.58754,81.397064,90.91968,111.5755,24.804918
285,81.397064,83.068184,99.62262,99.7544,82.80749,89.29471,109.95053,20.465439
286,82.80749,81.02273,92.9509,94.45864,78.26203,82.622986,103.27881,20.69536
287,78.26203,63.923798,73.74917,74.13622,66.40375,63.421257,84.07708,11.644637
288,66.40375,45.528076,59.686687,61.856655,45.41075,49.358776,70.0146,36.21588
289,45.41075,28.509361,40.96838,40.589127,27.352943,30.640469,51.29629,48.390343
290,27.352943,17.266048,25.407421,25.900541,20.307491,15.07951,35.735332,27.541807
291,20.307491,10.487972,14.765499,15.6525955,12.399738,4.4375877,25.09341,26.233274
292,12.399738,6.2165794,9.558136,9.885032,6.911766,0.0,19.886047,43.017452
293,6.911766,4.71257,6.522106,8.627054,4.9732666,0.0,16.784351,73.46857
294,4.9732666,8.074871,6.385475,8.013153,7.840912,0.0,17.336716,2.1966987
295,7.840912,13.576206,10.123062,12.734881,10.755352,0.0,21.202229,18.405064
296,10.755352,30.788773,24.517292,23.985378,21.263374,11.256996,37.777588,12.801373
297,21.263374,54.645725,48.723274,47.535213,42.43316,35.46298,61.98357,12.023745
298,42.43316,68.28209,61.14143,65.414024,64.96658,47.881134,74.401726,0.688725
299,64.96658,84.80921,72.0735,76.150024,75.588234,57.99006,86.156944,0.74322474
300,75.588234,80.48797,85.88884,83.34075,78.76337,72.75657,99.02111,5.811566
301,78.76337,77.30615,84.982315,81.24267,77.86096,71.753,98.21163,4.3432627
302,77.86096,84.53877,85.57225,85.7314,79.95989,71.86644,99.27806,7.2180023
303,79.95989,88.10829,85.459435,85.40754,85.815506,71.533676,99.38519,0.47539967
304,85.815506,90.28075,85.38083,84.725876,78.582886,71.45095,99.31071,7.817211
305,78.582886,83.09746,85.860306,77.74954,82.49332,71.60702,100.113594,5.7504954
306,82.49332,77.94118,87.21322,87.440994,71.891716,72.4521,101.974335,21.628748
307,71.891716,78.81685,89.041916,86.65665,70.70187,75.48151,102.602325,22.566267
308,70.70187,81.397064,89.702805,90.47015,83.17513,77.65288,101.75273,8.770676
309,83.17513,82.80749,88.95396,90.324135,81.79813,78.42894,99.47897,10.423232
310,81.79813,78.26203,82.885216,86.34272,70.42781,72.76994,93.00049,22.597479
311,70.42781,66.40375,66.00573,68.75772,56.925137,55.89046,76.121,20.78622
312,56.925137,45.41075,54.09309,54.045067,41.397064,43.97782,64.20836,30.552896
313,41.397064,27.352943,35.13499,35.82308,27.774067,25.019722,45.25026,28.980312
314,27.774067,20.307491,22.159824,23.304783,18.348934,12.044556,32.275093,27.008919
315,18.348934,12.399738,12.957405,12.006749,7.7005386,2.8421364,23.072674,55.9209
316,7.7005386,6.911766,6.9501305,8.445722,4.9732666,0.0,17.0654,69.82242
317,4.9732666,4.9732666,4.730007,4.048218,4.2379723,0.0,14.845276,4.477483
318,4.2379723,7.840912,3.7788506,2.3477101,5.868988,0.0,13.894119,59.998043
319,5.868988,10.755352,7.8747826,11.93678,15.300804,0.0,17.990051,21.98593
320,15.300804,21.263374,19.590466,19.610834,36.163105,7.540539,31.640392,45.771156
321,36.163105,42.43316,41.963676,42.715588,64.51688,28.24754,55.679813,33.791603
322,64.51688,64.96658,53.585808,55.40044,79.37166,31.40081,75.770805,30.201233
323,79.37166,75.588234,64.394,63.245586,83.40207,36.22844,92.559555,24.167845
324,83.40207,78.76337,74.33418,74.85487,75.38102,46.168625,102.49974,0.697982
325,75.38102,77.86096,66.01215,68.68215,67.51337,38.202087,93.82222,1.7311907
326,67.51337,79.95989,64.95659,66.183495,71.550804,38.5925,91.32068,7.5013967
327,71.550804,85.815506,65.94281,71.09347,79.27139,40.02262,91.863,10.316363
328,79.27139,78.582886,66.636894,67.9036,82.37299,40.716705,92.55708,17.565697
329,82.37299,82.49332,68.799194,67.46614,75.060165,44.26913,93.329254,10.1172495
330,75.060165,71.891716,71.511665,70.85788,73.34468,48.46643,94.5569,3.3905678
331,73.34468,70.70187,76.62936,78.82307,69.204544,55.122993,98.13572,13.898687
332,69.204544,83.17513,84.80373,83.697876,86.036095,63.297363,106.31009,2.7177184
333,86.036095,81.79813,85.00315,91.205055,80.882355,63.68232,106.32398,12.76261
334,80.882355,70.42781,76.73616,75.198524,72.52674,55.41533,98.05699,3.6838598
335,72.52674,56.925137,60.719845,57.968067,60.942516,39.399014,82.04068,4.880746
336,60.942516,41.397064,46.452274,49.04866,44.318184,25.131443,67.7731,10.673895
337,44.318184,27.774067,30.216703,30.274866,33.50936,8.895872,51.537537,9.652512
338,33.50936,18.348934,16.816662,20.79478,18.529415,0.0,37.86865,12.2257805
339,18.529415,7.7005386,9.739124,10.0710535,11.417114,0.0,30.57957,11.789851
340,11.417114,4.9732666,5.125263,3.2823594,4.2179184,0.0,25.96571,22.180588
341,4.2179184,4.2379723,4.226925,6.6863637,5.962574,0.0,25.067371,12.13888
342,5.962574,5.868988,9.613113,10.071432,9.204548,0.0,30.430664,9.417999
343,9.204548,15.300804,19.645126,20.504501,21.256691,0.0,40.485573,3.5386019
344,21.256691,36.163105,39.060986,39.743988,60.795456,18.185776,59.936195,34.626713
345,60.795456,64.51688,57.87427,57.560135,121.620316,36.99906,78.74948,52.672268
346,121.620316,79.37166,63.741978,63.733368,129.73643,39.634117,87.84984,50.874733
347,129.73643,83.40207,72.838646,74.17241,121.33447,10.770592,134.90671,38.86947
348,121.33447,75.38102,73.70473,77.63487,109.99501,11.636673,135.77278,29.419643
349,109.99501,67.51337,67.229416,69.3639,97.35294,5.196125,129.26271,28.750074
350,97.35294,71.550804,67.44516,67.00893,99.7695,5.434765,129.45555,32.83626
351,99.7695,79.27139,68.26117,67.35769,112.728195,6.2507744,130.27156,40.2477
352,112.728195,82.37299,68.47723,70.20402,109.90737,6.466831,130.48763,36.12438
353,109.90737,75.060165,67.98357,87.52566,101.34951,5.973171,129.99396,13.639782
354,101.34951,73.34468,74.634056,74.16099,90.41739,12.623661,136.64445,17.979286
355,90.41739,69.204544,87.30208,88.21713,96.92514,25.291683,149.31247,8.984261
356,96.92514,86.036095,96.34888,120.91887,103.02139,35.895493,156.80226,17.372583
357,103.02139,80.882355,92.82934,97.190056,105.44118,35.75581,149.90286,7.825331
358,105.44118,72.52674,80.07694,77.75993,87.43316,25.95396,134.19992,11.063566
359,87.43316,60.942516,65.02385,61.18408,65.50134,10.900867,119.146835,6.5911083
360,65.50134,44.318184,46.64157,66.13166,44.3984,0.0,100.76456,48.95055
361,44.3984,33.50936,30.386614,26.589712,35.60829,0.0,84.5096,25.32719
362,35.60829,18.529415,15.548157,10.97449,17.647064,0.0,69.67114,37.81124
363,17.647064,11.417114,9.096699,9.784826,9.612301,0.0,63.21968,1.7948399
364,9.612301,4.2179184,6.2796516,22.298384,7.0187225,0.0,60.402634,217.6986
365,7.0187225,5.962574,7.999138,6.5688467,7.072197,0.0,62.12212,7.117311
366,7.072197,9.204548,13.037853,15.670349,4.7192535,0.0,67.160835,232.05144
367,4.7192535,21.256691,31.763052,31.65643,17.025406,0.0,85.88603,85.93642
368,17.025406,60.795456,65.44197,64.085846,39.08423,11.318989,119.56496,63.968555
369,39.08423,121.620316,79.36859,104.2411,74.92647,22.978764,135.75842,39.12453
370,74.92647,129.73643,78.11221,72.88585,82.1017,36.288902,119.935524,11.224921
371,82.1017,121.33447,75.587524,81.528694,85.88326,36.34218,114.83287,5.0703344
372,85.88326,109.99501,74.44139,74.47841,69.6992,38.232925,110.64986,6.856901
373,69.6992,97.35294,73.504234,77.51764,63.636364,36.063576,110.94489,21.813433
374,63.636364,99.7695,73.12224,81.80751,67.72727,33.791,112.453476,20.789614
375,67.72727,112.728195,73.49421,72.97832,79.58556,32.803135,114.18529,8.302067
376,79.58556,109.90737,73.63737,70.38366,77.38637,41.010494,106.26424,9.049021
377,77.38637,101.34951,73.56113,73.442345,75.2991,46.464314,100.65794,2.4658437
378,75.2991,90.41739,77.93299,81.944,69.85772,62.456276,93.409706,17.301283
379,69.85772,96.92514,87.05619,82.750885,79.251335,71.80294,102.30944,4.4157615
380,79.251335,103.02139,97.17102,97.49571,93.71658,81.95588,112.38616,4.0325084
381,93.71658,105.44118,100.233315,100.29527,83.088234,86.42261,114.04402,20.709356
382,83.088234,87.43316,90.55971,91.10368,77.286095,75.6578,105.46162,17.878492
383,77.286095,65.50134,72.300995,74.5627,62.82754,58.55082,86.05117,18.678364
384,62.82754,44.3984,49.386875,49.469505,42.787437,34.649014,64.12474,15.616892
385,42.787437,35.60829,33.44941,33.36349,29.525404,18.411484,48.487335,12.99927
386,29.525404,17.647064,18.692017,17.285452,25.080215,3.654091,33.729942,31.079334
387,25.080215,9.612301,9.845974,11.583158,13.094921,0.0,24.8839,11.544656
388,13.094921,7.0187225,6.317833,8.035709,6.3770103,0.0,21.355759,26.010605
389,6.3770103,7.072197,6.990982,7.147191,5.81551,0.0,22.028908,22.898787
390,5.81551,4.7192535,11.0083275,5.7285843,10.588242,0.0,26.046253,45.896736
391,10.588242,17.025406,23.513195,24.006157,23.870323,8.775333,38.251057,0.56904864
392,23.870323,39.08423,45.938843,41.769276,70.44786,31.719099,60.158585,40.70895
393,70.44786,74.92647,69.431465,68.33753,119.729805,55.68129,83.18164,42.923542
394,119.729805,82.1017,80.142204,77.13918,129.272,54.457714,105.82669,40.328007
395,129.272,85.88326,86.8671,85.97881,131.01253,36.561832,137.17238,34.373592
396,131.01253,69.6992,77.00078,74.35312,118.67117,26.695507,127.306046,37.345257
397,118.67117,63.636364,74.392975,70.6618,112.05475,24.84309,123.942856,36.939938
398,112.05475,67.72727,74.97247,79.94569,94.08423,25.901852,124.04309,15.027536
399,94.08423,79.58556,76.11755,79.95875,101.27673,27.344883,124.89023,21.049244
400,101.27673,77.38637,76.04506,79.272316,93.82952,27.272388,124.81773,15.514525
401,93.82952,75.2991,81.44148,81.7203,86.09387,32.66881,130.21416,5.0800056
402,86.09387,69.85772,89.657074,105.45698,85.99203,40.884403,138.42975,22.635763
403,85.99203,79.251335,100.85635,107.29073,95.325386,52.083683,149.62903,12.55211
404,95.325386,93.71658,105.83306,118.69488,106.10963,57.06039,154.60573,11.860612
405,106.10963,83.088234,102.57674,103.89289,99.97995,53.804066,151.34941,3.9137256
406,99.97995,77.286095,90.32262,95.828705,96.751335,41.549946,139.09529,0.9536099
407,96.751335,62.82754,75.2458,76.56154,75.76203,29.364944,121.12665,1.0552874
408,75.76203,42.787437,44.85146,47.991547,55.87567,0.0,90.732315,14.110121
409,55.87567,29.525404,26.760578,44.11818,8.288773,0.0,71.23799,432.26434
410,8.288773,25.080215,16.531673,26.200027,4.3783455,0.0,61.009083,498.40018
411,4.3783455,13.094921,8.568607,13.903883,2.6069565,0.0,54.44946,433.33774
412,2.6069565,6.3770103,5.9851418,13.652524,2.4532127,0.0,54.598705,456.5161
413,2.4532127,5.81551,6.4937325,10.373168,2.6737976,0.0,55.107296,287.95636
414,2.6737976,10.588242,9.927124,26.531565,3.72995,0.0,58.540688,611.3115
415,3.72995,23.870323,19.74548,18.264475,14.498665,0.0,68.35904,25.973495
416,14.498665,70.44786,48.532654,65.71109,40.320858,0.0,97.14622,62.970467
417,40.320858,119.729805,62.27488,71.54707,81.463905,13.421646,111.12811,12.173283
418,81.463905,129.272,65.24196,83.1846,93.5361,21.3731,109.11082,11.066852
419,93.5361,131.01253,69.19431,64.60688,96.56938,27.800484,110.58814,33.09797
420,96.56938,118.67117,73.92291,74.10225,89.258026,36.537704,111.30812,16.979736
421,89.258026,112.05475,73.62649,84.888664,79.7861,45.60891,101.644066,6.395302
422,79.7861,94.08423,73.34759,70.73969,80.060165,46.249084,100.44609,11.641835
423,80.060165,101.27673,74.95255,75.67276,90.97363,47.85405,102.051056,16.81902
424,90.97363,93.82952,77.825714,74.73848,98.649734,50.72721,104.92422,24.23854
425,98.649734,86.09387,84.37088,87.81403,90.46791,57.272377,111.46938,2.9335012
426,90.46791,85.99203,91.128845,86.22741,87.48753,64.03034,118.22735,1.4403472
427,87.48753,95.325386,100.74599,101.02989,86.05615,73.647484,127.84449,17.399963
428,86.05615,106.10963,109.05661,123.53737,102.89439,81.95811,136.15512,20.062302
429,102.89439,99.97995,109.56503,116.86832,103.81583,79.59318,139.5369,12.572737
430,103.81583,96.751335,99.75635,101.73634,99.17113,68.84935,130.66335,2.586656
431,99.17113,75.76203,82.88328,88.264854,77.820854,51.97628,113.790276,13.420567
432,77.820854,55.87567,62.118633,70.704605,61.925137,31.102253,93.13501,14.177552
433,61.925137,8.288773,43.20757,47.820107,49.3115,12.191189,74.22395,3.0244346
434,49.3115,4.3783455,26.33928,28.381618,24.057491,0.0,57.246277,17.97414
435,24.057491,2.6069565,14.008144,31.91511,11.370323,0.0,43.665,180.68779
436,11.370323,2.4532127,8.882626,6.9390364,8.168453,0.0,38.539482,15.050791
437,8.168453,2.6737976,8.598415,9.645096,5.635029,0.0,36.687656,71.1632
438,5.635029,3.72995,10.92968,15.005802,7.620323,0.0,39.01892,96.91818
439,7.620323,14.498665,22.441002,26.04843,15.461235,0.0,50.530243,68.47574
440,15.461235,40.320858,51.399208,56.223816,35.147064,23.309967,79.48845,59.967316
441,35.147064,81.463905,71.03316,67.97586,63.342247,42.943916,99.1224,7.315202
442,63.342247,93.5361,86.72879,95.59496,81.15642,57.071934,116.38565,17.791008
443,81.15642,96.56938,98.89653,101.97529,91.70897,75.43469,122.35837,11.194455
444,91.70897,89.258026,100.900665,104.44974,94.61899,81.9162,119.88513,10.389827
445,94.61899,79.7861,101.29516,106.79208,87.45989,81.96472,120.625595,22.104065
446,87.45989,80.060165,102.12904,100.21013,89.14439,82.46665,121.791435,12.4132805
447,89.14439,90.97363,102.75832,102.41783,93.001335,81.67482,123.84183,10.125119
448,93.001335,98.649734,102.71712,104.18121,98.20187,91.04082,114.39342,6.0888243
449,98.20187,90.46791,102.42604,102.3688,99.32002,90.75664,114.09544,3.0696476
450,99.32002,87.48753,101.311325,102.99608,90.40107,90.63155,111.9911,13.932366
451,90.40107,86.05615,99.51672,100.28972,85.57487,89.01379,110.01966,17.195297
452,85.57487,102.89439,101.899536,102.9127,94.903076,91.3966,112.40247,8.439791
453,94.903076,103.81583,105.144806,104.63446,94.51203,94.64187,115.64774,10.710201
454,94.51203,99.17113,102.21962,106.148056,88.34225,92.24915,112.19009,20.155487
455,88.34225,77.820854,87.86203,88.733955,78.28209,78.58965,97.13441,13.3515415
456,78.28209,61.925137,62.68365,61.96995,56.016045,53.427967,71.93933,10.628931
457,56.016045,49.3115,45.55096,44.27645,36.016045,36.295277,54.806644,22.935352
458,36.016045,24.057491,27.101902,27.552395,21.831554,20.347607,33.856197,26.204458
459,21.831554,11.370323,14.73671,13.524696,12.847595,7.9824142,21.491005,5.2702556
460,12.847595,8.168453,9.767574,8.769035,7.232624,3.013279,16.52187,21.242792
461,7.232624,5.635029,6.9583206,6.005869,5.046795,0.20402527,13.712616,19.003626
462,5.046795,7.620323,6.9541054,7.740646,4.6524086,0.19981003,13.708401,66.37932
463,4.6524086,15.461235,11.313732,9.459851,11.94519,4.559437,18.068027,20.806192
464,11.94519,35.147064,31.45143,31.97515,31.925137,23.63241,39.270447,0.15665583
465,31.925137,63.342247,59.4876,58.18412,56.0361,52.017433,66.95776,3.833282
466,56.0361,81.15642,83.79542,85.11261,74.27139,76.521164,91.06967,14.59676
467,74.27139,91.70897,93.0107,94.09295,86.69786,85.54053,100.480865,8.529724
468,86.69786,94.61899,95.1085,94.44165,88.963905,87.83424,102.38275,6.1572666
469,88.963905,87.45989,94.12786,90.49065,89.05749,86.85361,101.402115,1.6092515
470,89.05749,89.14439,93.044815,92.36214,90.454544,85.48028,100.60935,2.1088965
471,90.454544,93.001335,91.95686,93.08822,91.664444,84.22408,99.689644,1.5532465
472,91.664444,98.20187,90.77404,90.44049,90.37433,82.167015,99.381065,0.073208965
473,90.37433,99.32002,89.85358,86.773056,86.617645,81.24655,98.4606,0.1794216
474,86.617645,90.40107,88.71744,90.40041,82.647064,80.11041,97.32446,9.381276
475,82.647064,85.57487,87.960175,87.12696,80.88904,79.35315,96.5672,7.7117033
476,80.88904,94.903076,90.38573,92.00142,88.08155,84.48392,96.28754,4.450272
477,88.08155,94.51203,92.115776,91.669075,87.580215,86.41394,97.81761,4.668702
478,87.580215,88.34225,87.704315,87.14178,78.44251,82.53729,92.87134,11.089988
479,78.44251,78.28209,74.32054,74.91389,68.49599,69.27616,79.36492,9.369746
480,68.49599,56.016045,55.390045,54.364803,50.093586,50.380775,60.399315,8.526476
481,50.093586,36.016045,36.996014,38.253834,31.925137,31.986746,42.00528,19.823555
482,31.925137,21.831554,21.9017,21.704689,16.203209,16.892431,26.910967,33.95303
483,16.203209,12.847595,12.374699,12.838959,9.017384,7.365431,17.383966,42.38009
484,9.017384,7.232624,6.778286,6.162757,6.350273,1.7690182,11.787554,2.9528842
485,6.350273,5.046795,5.052376,4.8881907,4.485298,0.043107986,10.061644,8.982515
486,4.485298,4.6524086,5.0473137,4.0773497,7.867649,0.038045883,10.0565815,48.175755
487,7.867649,11.94519,12.433369,12.9802885,17.540108,7.26635,17.600388,25.99653
488,17.540108,31.925137,29.596169,29.058117,37.225937,22.240273,36.952065,21.941208
489,37.225937,56.0361,49.385025,48.85065,71.78476,39.742725,59.027325,31.948439
490,71.78476,74.27139,56.852013,55.70919,91.87166,44.686684,69.01734,39.361942
491,91.87166,86.69786,68.69917,71.15578,93.114975,42.942123,94.45622,23.582886
492,93.114975,88.963905,71.66661,71.09648,89.30986,44.014877,99.318344,20.39347
493,89.30986,89.05749,70.73849,72.19856,68.79679,43.732414,97.74456,4.944666
494,68.79679,90.454544,69.74686,69.33083,75.99599,43.02688,96.466835,8.770402
495,75.99599,91.664444,68.889465,69.99091,102.52673,42.531967,95.24696,31.733986
496,102.52673,90.37433,68.49057,67.91408,104.32487,32.911606,104.069534,34.901352
497,104.32487,86.617645,69.38259,66.77351,92.87433,32.42125,106.34393,28.103369
498,92.87433,82.647064,71.93445,72.1136,84.94517,36.347725,107.52117,15.105705
499,84.94517,80.88904,79.42339,76.62085,80.11018,43.975735,114.87105,4.3556685
500,80.11018,88.08155,88.65728,92.100105,91.47059,54.324425,122.990135,0.68821746
501,91.47059,87.580215,91.95198,87.1183,88.316864,59.745644,124.15832,1.3571163
502,88.316864,78.44251,83.823425,84.34794,77.292786,51.61709,116.02976,9.127829
503,77.292786,68.49599,68.509674,65.00125,64.41845,36.303337,100.71601,0.90471256
504,64.41845,50.093586,49.32548,48.00844,37.707222,17.119144,81.531815,27.318949
505,37.707222,31.925137,30.594248,33.31724,27.974602,0.0,62.800583,19.09818
506,27.974602,16.203209,16.900444,17.61138,14.592251,0.0,49.10678,20.689947
507,14.592251,9.017384,9.966763,5.199337,8.342251,0.0,42.1731,37.674652
508,8.342251,6.350273,5.2354546,2.9638734,5.213909,0.0,37.44179,43.154488
509,5.213909,4.485298,4.6639977,6.606665,5.3743362,0.0,36.870335,22.92988
510,5.3743362,7.867649,10.578835,8.289259,4.1711273,0.0,42.78517,98.72946
511,4.1711273,17.540108,21.001015,30.42751,13.589577,0.0,55.31032,123.90329
512,13.589577,37.225937,42.03533,40.59841,34.284763,7.7024765,76.36819,18.415318
513,34.284763,71.78476,64.61537,72.378174,70.02674,29.57418,99.65656,3.357907
514,70.02674,91.87166,72.78894,73.23037,79.75936,37.74775,107.83013,8.185863
515,79.75936,93.114975,69.64678,68.93164,84.093216,35.98797,103.305595,18.029488
516,84.093216,89.30986,68.53312,66.48301,81.37032,34.874306,102.19193,18.295753
517,81.37032,68.79679,66.91337,73.174904,69.69251,33.254555,100.57218,4.996794
518,69.69251,75.99599,67.91432,71.64654,74.30482,34.963844,100.8648,3.577533
519,74.30482,102.52673,68.92342,73.93623,94.93984,35.972946,101.8739,22.123072
520,94.93984,104.32487,69.19188,70.18697,93.295456,43.86225,94.52151,24.76914
521,93.295456,92.87433,69.07929,69.425255,86.59091,45.662506,92.49608,19.823854
522,86.59091,84.94517,71.31406,63.53733,82.34372,47.89727,94.73084,22.838886
523,82.34372,80.11018,78.609314,75.842705,82.17246,55.192528,102.0261,7.703016
524,82.17246,91.47059,88.27731,95.09538,93.830215,64.88408,111.67055,1.348358
525,93.830215,88.316864,90.840675,87.34218,90.53476,67.44743,114.23392,3.5263593
526,90.53476,77.292786,82.83723,85.911476,78.30882,59.44399,106.23047,9.708552
527,78.30882,64.41845,65.63769,77.987495,61.951874,42.24445,89.03093,25.883997
528,61.951874,37.707222,46.965897,42.835278,42.185833,23.572659,70.35913,1.5394851
529,42.185833,27.974602,30.82597,30.639029,27.118988,7.4327316,54.219208,12.979984
530,27.118988,14.592251,17.354862,18.600983,15.207222,0.0,40.7481,22.31677
531,15.207222,8.342251,10.563557,6.296035,9.819523,0.0,33.956795,35.882477
532,9.819523,5.213909,6.326618,3.3801718,6.631016,0.0,29.719856,49.024826
533,6.631016,5.3743362,5.2505455,11.003365,4.4184494,0.0,28.643784,149.03226
534,4.4184494,4.1711273,8.3116455,12.777606,4.959896,0.0,32.110825,157.61842
535,4.959896,13.589577,20.332142,24.385895,15.233963,0.0,44.13132,60.075844
536,15.233963,34.284763,45.069477,45.09611,39.425133,21.270298,68.86865,14.3841715
537,39.425133,70.02674,69.295494,68.52781,75.448654,45.496315,93.09467,9.17292
538,75.448654,79.75936,79.63616,80.953964,105.31417,55.836983,103.43534,23.130985
539,105.31417,84.093216,74.407166,78.43395,110.38722,49.033554,99.78078,28.946531
540,110.38722,81.37032,72.879036,78.217224,105.28766,47.167015,98.59106,25.710928
541,105.28766,69.69251,71.21668,77.458405,96.463905,39.112457,103.32091,19.702188
542,96.463905,74.30482,71.862305,71.10977,90.04679,39.75808,103.96653,21.0302
543,90.04679,94.93984,72.87717,78.02451,104.9131,40.77294,104.98139,25.629389
544,104.9131,93.295456,73.01801,89.29088,101.200905,40.913788,105.12224,11.768696
545,101.200905,86.59091,73.008736,84.77672,88.8369,40.90451,105.11296,4.5703764
546,88.8369,82.34372,79.527214,83.21445,85.2519,47.42299,111.63144,2.3899205
547,85.2519,82.17246,89.4986,89.18468,109.56676,57.39437,121.60282,18.60243
548,109.56676,93.830215,98.4161,103.3783,112.680145,66.311874,130.52032,8.255085
549,112.680145,90.53476,96.30711,102.30817,108.26203,64.20289,128.41135,5.499495
550,108.26203,78.30882,85.252594,95.8135,91.83155,58.568657,111.93653,4.336145
551,91.83155,61.951874,68.11581,62.610073,72.3262,41.860344,94.37127,13.433762
552,72.3262,42.185833,48.714474,55.516476,47.707222,22.459011,74.96994,16.369122
553,47.707222,27.118988,32.483387,35.67466,27.546795,6.2279243,58.73885,29.505665
554,27.546795,15.207222,20.111645,16.020489,16.143051,0.0,46.367107,0.75922704
555,16.143051,9.819523,10.964424,9.463192,9.431824,0.0,37.219887,0.3325789
556,9.431824,6.631016,6.7049217,17.222258,5.1002693,0.0,32.960384,237.6735
557,5.1002693,4.4184494,6.023979,18.483122,4.3315544,0.0,32.27944,326.70874
558,4.3315544,4.959896,8.377449,14.533572,4.8729973,0.0,34.63291,198.24709
559,4.8729973,15.233963,22.239964,34.277973,15.775402,0.0,48.495426,117.28748
560,15.775402,39.425133,49.542595,64.57177,42.185833,23.287132,75.79806,53.065056
561,42.185833,75.448654,72.81278,82.41595,88.696526,46.55732,99.068245,7.0809746
562,88.696526,105.31417,80.975586,91.8064,110.13507,55.14592,106.80525,16.641996
563,110.13507,110.38722,80.7487,78.50804,108.75102,54.919037,106.57837,27.809376
564,108.75102,105.28766,78.638214,93.20415,107.2861,53.181236,104.09519,13.12561
565,107.2861,96.463905,78.0468,72.290565,96.29679,55.46627,100.62733,24.929413
566,96.29679,90.04679,77.22716,74.13847,88.25535,54.64663,99.807686,15.995489
567,88.25535,104.9131,77.505905,72.50345,107.597275,54.925377,100.08643,32.615906
568,107.597275,101.200905,77.586296,79.91318,108.5466,55.005768,100.166824,26.378922
569,108.5466,88.8369,80.29266,87.309616,102.76217,56.78025,103.80508,15.0372
570,102.76217,85.2519,87.88927,95.12098,96.066345,64.376854,111.40168,0.984076
571,96.066345,109.56676,100.117004,99.183975,104.338234,78.20271,122.031296,4.939952
572,104.338234,112.680145,106.846924,111.40099,115.15375,83.33451,130.35934,3.2589073
573,115.15375,108.26203,107.13142,105.584885,107.61555,83.619,130.64383,1.8869601
574,107.61555,91.83155,95.80089,92.65355,103.61631,69.93075,121.67103,10.58015
575,103.61631,72.3262,79.15024,74.82,78.30882,53.280098,105.02038,4.4552107
576,78.30882,47.707222,50.94999,51.11242,50.8623,25.07985,76.82013,0.4917557
577,50.8623,27.546795,33.110798,28.46977,9.27808,7.240658,58.980938,206.84981
578,9.27808,16.143051,19.72002,25.486904,6.457222,0.0,46.459095,294.70386
579,6.457222,9.431824,10.519028,22.017406,6.6042824,0.0,37.258102,233.38075
580,6.6042824,5.1002693,5.7985,2.6630356,4.344925,0.0,32.537575,38.709282
581,4.344925,4.3315544,3.9663162,3.9135013,4.044121,0.0,30.70539,3.229862
582,4.044121,4.8729973,5.11438,11.216579,4.271393,0.0,31.853455,162.5977
583,4.271393,15.775402,15.8448715,23.465128,11.637703,0.0,42.583946,101.63023
584,11.637703,42.185833,41.79884,39.0584,42.787437,15.059765,68.53792,8.715264
585,42.787437,88.696526,58.91828,56.33536,88.93048,32.179207,85.65736,36.65236
586,88.93048,110.13507,63.65321,65.873314,111.93851,36.914135,90.39229,41.15223
587,111.93851,108.75102,68.65043,65.96363,113.47548,40.59648,96.70438,41.869705
588,113.47548,107.2861,74.03927,83.76595,110.89232,33.435448,114.64309,24.461899
589,110.89232,96.29679,73.82863,73.19138,105.367645,33.224808,114.43245,30.537138
590,105.367645,88.25535,73.71665,77.73755,104.43712,33.11283,114.32047,25.56521
591,104.43712,107.597275,75.19385,81.2314,120.37433,34.590027,115.79767,32.51767
592,120.37433,108.5466,77.59666,83.99275,126.32205,36.637405,118.55591,33.509033
593,126.32205,102.76217,84.11228,82.31807,115.83432,40.048214,128.17635,28.934647
594,115.83432,96.066345,91.24013,88.3743,102.88125,47.17606,135.3042,14.100676
595,102.88125,104.338234,101.509476,109.014496,91.55942,57.445408,145.57355,19.064209
596,91.55942,115.15375,109.348656,108.00723,103.96538,62.051956,156.64536,3.8876932
597,103.96538,107.61555,110.64131,109.04339,122.35538,62.840145,158.44247,10.879774
598,122.35538,103.61631,99.73596,104.95903,95.04679,52.439262,147.03265,10.428799
599,95.04679,78.30882,83.09819,83.02742,74.318184,34.890697,131.30568,11.71885
600,74.318184,50.8623,61.61852,78.92725,49.71257,13.411026,109.82601,58.767193
601,49.71257,9.27808,44.188347,46.702515,34.124336,0.0,92.39584,36.859848
602,34.124336,6.457222,27.998505,43.95758,17.640377,0.0,76.20599,149.1873
603,17.640377,6.6042824,15.426025,12.365835,14.478611,0.0,63.63352,14.592393
604,14.478611,4.344925,8.175438,6.8516536,11.437168,0.0,56.38293,40.093094
605,11.437168,4.044121,5.9965973,21.752893,8.46257,0.0,53.293297,157.04831
606,8.46257,4.271393,8.124489,19.53786,9.505352,0.0,53.943813,105.54589
607,9.505352,11.637703,25.90852,29.589645,15.594921,0.0,71.727844,89.73899
608,15.594921,42.787437,64.310165,81.52519,34.157757,18.49084,110.129486,138.67256
609,34.157757,88.93048,84.95192,75.73037,64.33155,39.132595,130.77124,17.718863
610,64.33155,111.93851,94.3624,87.11926,88.382355,47.457962,141.26683,1.4291224
611,88.382355,113.47548,97.95361,92.23194,109.54039,51.825718,144.08151,15.800974
612,109.54039,110.89232,99.53143,107.79343,105.655075,53.403538,145.65933,2.0238984
613,105.655075,105.367645,100.51393,101.49951,102.54011,54.386036,146.64183,1.0148185
614,102.54011,104.43712,101.303696,114.82209,105.07353,55.1758,147.4316,9.277843
615,105.07353,120.37433,101.635315,100.09687,103.33318,55.50742,147.76321,3.13192
616,103.33318,126.32205,101.5504,99.85368,105.98262,68.88095,134.21985,5.782964
617,105.98262,115.83432,101.27887,99.24553,106.971924,72.073875,130.48386,7.2228246
618,106.971924,102.88125,99.285904,98.48828,101.216576,79.612946,118.95886,2.6955016
619,101.216576,91.55942,97.76817,97.69679,96.65107,78.095215,117.44113,1.0819569
620,96.65107,103.96538,101.73819,103.00165,110.99071,82.06523,121.41115,7.1979537
621,110.99071,122.35538,103.50829,102.16846,104.597565,81.507065,125.50952,2.3223367
622,104.597565,95.04679,94.67937,95.73445,90.75535,72.96973,116.38901,5.486292
623,90.75535,74.318184,77.03888,77.27115,70.454544,55.32924,98.74852,9.67518
624,70.454544,49.71257,59.627106,58.785927,49.004013,37.917465,81.33675,19.961454
625,49.004013,34.124336,42.615715,43.94113,29.873,20.906075,64.325356,47.09314
626,29.873,17.640377,26.898567,24.671255,16.270058,5.1889267,48.608208,51.63594
627,16.270058,14.478611,15.733185,12.042122,10.775406,0.0,37.442825,11.755622
628,10.775406,11.437168,8.699387,9.682192,7.4532127,0.0,30.409027,29.906284
629,7.4532127,8.46257,4.4033775,2.5472271,8.495991,0.0,23.906643,70.01848
630,8.495991,9.505352,3.2952232,7.315482,8.041447,0.0,22.798489,9.027785
631,8.041447,15.594921,15.761261,19.452293,12.787437,0.0,35.264526,52.12034
632,12.787437,34.157757,47.117584,48.683723,26.751339,27.614319,66.62085,81.986115
633,26.751339,64.33155,78.37963,80.545784,55.28075,59.13049,97.62877,45.703133
634,55.28075,88.382355,89.93073,85.535034,79.919785,70.681595,109.17987,7.026107
635,79.919785,109.54039,93.402145,94.69518,92.74065,74.153,112.65129,2.1075296
636,92.74065,105.655075,94.07585,97.26293,99.14439,74.826706,113.325,1.8976914
637,99.14439,102.54011,94.02818,97.49585,95.12032,74.77904,113.27733,2.497391
638,95.12032,105.07353,93.0928,94.48393,99.946526,73.84366,112.341934,5.4655156
639,99.946526,103.33318,91.80871,94.80635,103.36899,72.55957,111.057846,8.2835655
640,103.36899,105.98262,90.27528,88.76609,101.44385,71.02614,109.52443,12.497314
641,101.44385,106.971924,89.08589,89.1574,95.28743,69.83675,108.33504,6.4331965
642,95.28743,101.216576,87.5786,87.705246,89.231285,68.32945,106.82774,1.7102065
643,89.231285,96.65107,86.36911,82.758965,88.14839,67.119965,105.618256,6.1140394
644,88.14839,110.99071,90.46686,93.94484,99.939835,70.762115,110.1716,5.9986043
645,99.939835,104.597565,90.81795,91.17178,94.68583,71.113205,110.52269,3.7112691
646,94.68583,90.75535,82.988976,80.89974,83.55615,63.28423,102.693726,3.1791918
647,83.55615,70.454544,66.09717,65.64208,62.37968,45.163746,87.030594,5.229911
648,62.37968,49.004013,54.33008,53.342983,41.45054,33.396656,75.263504,28.690687
649,41.45054,29.873,35.593407,36.693092,24.331554,14.659985,56.52683,50.804554
650,24.331554,16.270058,21.521774,18.88093,13.288776,0.5883522,42.455196,42.08178
651,13.288776,10.775406,9.877514,10.36759,9.725941,0.0,30.810936,6.5972977
652,9.725941,7.4532127,4.7941284,4.174611,6.169792,0.0,25.72755,32.3379
653,6.169792,8.495991,4.6920624,3.179041,4.6991997,0.0,26.150448,32.34931
654,4.6991997,8.041447,5.122902,3.7042496,4.5588264,0.0,26.056324,18.745544
655,4.5588264,12.787437,11.640961,11.844429,11.350269,0.0,32.014343,4.353727
656,11.350269,26.751339,38.188747,40.94182,45.481285,17.815365,58.56213,9.980956
657,45.481285,55.28075,65.33478,65.61045,97.27273,51.88806,78.781494,32.550003
658,97.27273,79.919785,73.0785,72.171135,118.95053,59.10682,87.05018,39.326767
659,118.95053,92.74065,74.24725,76.0838,120.683365,43.684967,104.80954,36.955853
660,120.683365,99.14439,73.29058,74.5108,109.81952,29.071236,117.509926,32.151585
661,109.81952,95.12032,71.51994,75.98707,92.8877,27.300598,115.73929,18.194696
662,92.8877,99.946526,70.21887,79.12332,103.77674,26.126122,114.31162,23.756208
663,103.77674,103.36899,69.17956,78.60245,126.98175,25.086807,113.27231,38.099415
664,126.98175,101.44385,68.43839,70.628265,126.36554,23.781563,113.09522,44.10797
665,126.36554,95.28743,69.18064,65.17323,117.23114,13.15773,125.20355,44.40621
666,117.23114,89.231285,73.829636,81.03071,104.63458,17.806725,129.85254,22.558386
667,104.63458,88.14839,85.10576,76.803444,100.46123,31.171448,139.04007,23.549168
668,100.46123,99.939835,92.874374,99.6553,98.18182,42.36472,143.38403,1.500759
669,98.18182,94.68583,91.35473,94.83532,96.90669,38.859985,143.84947,2.1374922
670,96.90669,83.55615,78.66699,78.710365,82.13904,26.416763,130.91722,4.1742306
671,82.13904,62.37968,60.256924,59.679092,61.864975,8.006695,112.50716,3.5333118
672,61.864975,41.45054,45.97681,58.42466,45.33423,0.0,98.227036,28.875381
673,45.33423,24.331554,29.471119,30.462233,24.110966,0.0,81.721344,26.34182
674,24.110966,13.288776,15.749416,13.25779,14.57888,0.0,67.99965,9.061675
675,14.57888,9.725941,8.177429,10.322116,8.643051,0.0,60.427658,19.42676
676,8.643051,6.169792,3.113041,0.35867596,5.5748672,0.0,55.36327,93.5662
677,5.5748672,4.6991997,3.5461082,5.65476,4.939842,0.0,55.796337,14.47248
678,4.939842,4.5588264,9.582657,15.1244955,5.441181,0.0,61.832886,177.96346
679,5.441181,11.350269,30.100111,33.168423,13.696529,0.0,82.35034,142.16663
680,13.696529,45.481285,64.324104,87.65093,47.84091,12.073875,116.57433,83.21334
681,47.84091,97.27273,72.2393,74.04462,99.11096,19.74456,124.73405,25.291193
682,99.11096,118.95053,71.250244,87.942764,117.402725,18.7555,123.74499,25.093082
683,117.402725,120.683365,70.81324,68.078674,118.44443,18.318497,123.30798,42.522686
684,118.44443,109.81952,70.08764,71.69827,108.54208,17.592896,122.58238,33.944263
685,108.54208,92.8877,69.02095,66.50863,95.98262,16.526207,121.51569,30.707634
686,95.98262,103.77674,68.91836,70.159096,95.300804,16.423615,121.4131,26.381424
687,95.300804,126.98175,69.40027,72.09585,122.81322,16.905525,121.89501,41.296345
688,122.81322,126.36554,69.492714,80.44737,125.29709,21.387215,117.59821,35.7947
689,125.29709,117.23114,69.32344,68.753784,117.71026,21.217941,117.42894,41.59066
690,117.71026,104.63458,76.29672,75.02921,103.89133,28.191223,124.40222,27.781063
691,103.89133,100.46123,88.76551,85.07232,96.65776,40.66001,136.871,11.986044
692,96.65776,98.18182,96.43884,118.67471,111.368164,48.333344,144.54434,6.560716
693,111.368164,96.90669,94.65061,116.038956,100.30137,46.789627,142.5116,15.690301
694,100.30137,82.13904,81.935165,81.60228,83.221924,34.172974,129.69736,1.9461749
695,83.221924,61.864975,64.18587,89.52332,69.62567,16.423676,111.94806,28.57804
