x_hour,x_start,y_hour,predicted,target,error_rates
3528.0,183.83333333333334,3552.0,182.05524,170.36667,6.860831
3529.0,186.16666666666666,3553.0,184.38857,189.95,2.92784
3530.0,206.45,3554.0,204.6719,182.9,11.903725
3531.0,174.35,3555.0,172.5719,149.93332,15.099099
3532.0,164.58333333333334,3556.0,162.80524,140.11667,16.192625
3533.0,164.66666666666666,3557.0,162.88857,119.09999,36.766228
3534.0,165.65,3558.0,163.8719,116.09999,41.147213
3535.0,174.96666666666667,3559.0,173.18857,136.73332,26.661566
3536.0,178.83333333333334,3560.0,177.05524,118.46666,49.455753
3537.0,186.61666666666667,3561.0,184.83856,155.41666,18.930986
3538.0,279.65,3562.0,277.8719,200.31665,38.716324
3539.0,294.75,3563.0,292.9719,203.41666,44.02552
3540.0,261.05,3564.0,259.2719,162.26666,59.78138
3541.0,246.31666666666666,3565.0,244.53857,148.6,64.561615
3542.0,225.9,3566.0,224.1219,135.53333,65.362946
3543.0,232.06666666666666,3567.0,230.28857,152.04999,51.455833
3544.0,269.46666666666664,3568.0,267.68857,209.96666,27.490988
3545.0,268.28333333333336,3569.0,266.50525,217.45,22.559326
3546.0,264.1333333333333,3570.0,262.35522,132.96666,97.30903
3547.0,266.81666666666666,3571.0,265.03857,113.450005,133.61705
3548.0,246.0,3572.0,244.2219,100.89999,142.04353
3549.0,201.53333333333333,3573.0,199.75523,91.399994,118.5506
3550.0,187.51666666666668,3574.0,185.73857,104.649994,77.485504
3551.0,220.9,3575.0,219.1219,101.94999,114.93077
3552.0,170.36666666666667,3576.0,168.58856,114.283325,47.518074
3553.0,189.95,3577.0,188.1719,123.58333,52.263184
3554.0,182.9,3578.0,181.1219,140.34999,29.05017
3555.0,149.93333333333334,3579.0,148.15523,150.9,1.8189307
3556.0,140.11666666666667,3580.0,138.33856,165.38333,16.35278
3557.0,119.1,3581.0,117.3219,149.25,21.392363
3558.0,116.1,3582.0,114.3219,127.33332,10.218394
3559.0,136.73333333333332,3583.0,134.95523,127.799995,5.598776
3560.0,118.46666666666667,3584.0,116.68857,126.399994,7.68309
3561.0,155.41666666666666,3585.0,153.63857,124.38332,23.520227
3562.0,200.31666666666666,3586.0,198.53857,127.75,55.411797
3563.0,203.41666666666666,3587.0,201.63857,52.28334,285.66504
3564.0,162.26666666666668,3588.0,160.48857,55.46666,189.34242
3565.0,148.6,3589.0,146.8219,102.14999,43.731686
3566.0,135.53333333333333,3590.0,133.75523,98.916664,35.220123
3567.0,152.05,3591.0,150.2719,97.31666,54.415386
3568.0,209.96666666666667,3592.0,208.18857,70.866646,193.77512
3569.0,217.45,3593.0,215.6719,65.84999,227.52002
3570.0,132.96666666666667,3594.0,131.18857,735.7,82.168205
3571.0,113.45,3595.0,111.6719,1027.4166,89.130806
3572.0,100.9,3596.0,99.1219,613.51666,83.84365
3573.0,91.4,3597.0,89.6219,250.48334,64.22041
3574.0,104.65,3598.0,102.871895,224.96666,54.272385
3575.0,101.95,3599.0,100.1719,249.41666,59.837524
3576.0,114.28333333333333,3600.0,112.50523,227.81667,50.61589
3577.0,123.58333333333333,3601.0,121.80524,200.46666,39.239155
3578.0,140.35,3602.0,138.5719,177.51666,21.938652
3579.0,150.9,3603.0,149.1219,222.13333,32.86829
3580.0,165.38333333333333,3604.0,163.60524,193.96666,15.652906
3581.0,149.25,3605.0,147.4719,191.45,22.971066
3582.0,127.33333333333333,3606.0,125.55523,196.01666,35.946655
3583.0,127.8,3607.0,126.021904,208.28333,39.49496
3584.0,126.4,3608.0,124.6219,206.06667,39.523502
3585.0,124.38333333333334,3609.0,122.60523,228.86667,46.42941
3586.0,127.75,3610.0,125.97189,353.55,64.36942
3587.0,52.28333333333333,3611.0,50.505234,340.5,85.16733
3588.0,55.46666666666667,3612.0,53.688583,328.93335,83.67797
3589.0,102.15,3613.0,100.371895,307.09998,67.316216
3590.0,98.91666666666667,3614.0,97.138565,267.71667,63.715904
3591.0,97.31666666666666,3615.0,95.53857,287.66666,66.788445
3592.0,70.86666666666666,3616.0,69.08858,286.75,75.906334
3593.0,65.85,3617.0,64.0719,324.23334,80.23895
3594.0,735.7,3618.0,733.9219,259.0333,183.3311
3595.0,1027.4166666666667,3619.0,1025.6385,320.9666,219.5468
3596.0,613.5166666666667,3620.0,611.7386,276.33334,121.37704
3597.0,250.48333333333332,3621.0,248.70523,256.8333,3.1647305
3598.0,224.96666666666667,3622.0,223.18857,203.38333,9.737885
3599.0,249.41666666666666,3623.0,247.63857,253.29999,2.2350664
3600.0,227.81666666666666,3624.0,226.03857,185.7,21.722443
3601.0,200.46666666666667,3625.0,198.68857,219.4,9.44003
3602.0,177.51666666666668,3626.0,175.73857,179.45,2.0682228
3603.0,222.13333333333333,3627.0,220.35522,190.93333,15.40951
3604.0,193.96666666666667,3628.0,192.18857,185.23332,3.7548568
3605.0,191.45,3629.0,189.6719,188.29999,0.7285809
3606.0,196.01666666666668,3630.0,194.23857,192.81667,0.7374391
3607.0,208.28333333333333,3631.0,206.50523,214.66666,3.8019054
3608.0,206.06666666666666,3632.0,204.28857,236.26666,13.534744
3609.0,228.86666666666667,3633.0,227.08856,241.01666,5.7788954
3610.0,353.55,3634.0,351.7719,325.18335,8.176483
3611.0,340.5,3635.0,338.72192,339.81665,0.3221521
3612.0,328.93333333333334,3636.0,327.15524,415.38333,21.240162
3613.0,307.1,3637.0,305.3219,413.45,26.152643
3614.0,267.71666666666664,3638.0,265.93857,418.68335,36.482174
3615.0,287.6666666666667,3639.0,285.88855,455.53333,37.240913
3616.0,286.75,3640.0,284.9719,497.3,42.69618
3617.0,324.23333333333335,3641.0,322.45526,327.66666,1.5904565
3618.0,259.03333333333336,3642.0,257.25522,312.84998,17.770422
3619.0,320.96666666666664,3643.0,319.18857,315.71667,1.0996864
3620.0,276.3333333333333,3644.0,274.55524,279.75,1.8569305
3621.0,256.8333333333333,3645.0,255.05524,259.86667,1.8515002
3622.0,203.38333333333333,3646.0,201.60524,220.0,8.361255
3623.0,253.3,3647.0,251.5219,303.28333,17.06702
3624.0,185.7,3648.0,183.9219,238.34999,22.835363
3625.0,219.4,3649.0,217.6219,219.68332,0.93835825
3626.0,179.45,3650.0,177.6719,191.71666,7.325787
3627.0,190.93333333333334,3651.0,189.15523,185.13333,2.1724322
3628.0,185.23333333333332,3652.0,183.45523,174.11665,5.3634024
3629.0,188.3,3653.0,186.5219,178.73332,4.3576508
3630.0,192.81666666666666,3654.0,191.03857,232.93332,17.985723
3631.0,214.66666666666666,3655.0,212.88857,204.23332,4.237919
3632.0,236.26666666666668,3656.0,234.48856,175.94998,33.270008
3633.0,241.01666666666668,3657.0,239.23857,297.05,19.461847
3634.0,325.18333333333334,3658.0,323.40524,378.41666,14.53726
3635.0,339.81666666666666,3659.0,338.03857,394.1,14.225179
3636.0,415.3833333333333,3660.0,413.60522,338.8833,22.049456
3637.0,413.45,3661.0,411.6719,305.4,34.797615
3638.0,418.68333333333334,3662.0,416.90524,309.4,34.746365
3639.0,455.53333333333336,3663.0,453.75525,313.58334,44.700047
3640.0,497.3,3664.0,495.5219,290.05,70.84017
3641.0,327.6666666666667,3665.0,325.88858,339.41666,3.9856844
3642.0,312.85,3666.0,311.0719,266.69998,16.63739
3643.0,315.71666666666664,3667.0,313.93857,219.16666,43.24194
3644.0,279.75,3668.0,277.9719,318.38333,12.6926985
3645.0,259.8666666666667,3669.0,258.08856,248.44998,3.8794854
3646.0,220.0,3670.0,218.2219,225.56667,3.2561426
3647.0,303.28333333333336,3671.0,301.50525,232.68332,29.577509
3648.0,238.35,3672.0,236.5719,180.45,31.101084
3649.0,219.68333333333334,3673.0,217.90523,190.48332,14.395961
3650.0,191.71666666666667,3674.0,189.93857,225.06667,15.607863
3651.0,185.13333333333333,3675.0,183.35522,188.06667,2.5051973
3652.0,174.11666666666667,3676.0,172.33856,192.09999,10.287053
3653.0,178.73333333333332,3677.0,176.95523,177.71666,0.42845103
3654.0,232.93333333333334,3678.0,231.15523,175.18332,31.95048
3655.0,204.23333333333332,3679.0,202.45523,180.83333,11.956813
3656.0,175.95,3680.0,174.1719,212.66666,18.10098
3657.0,297.05,3681.0,295.2719,263.81665,11.923152
3658.0,378.4166666666667,3682.0,376.63858,350.21667,7.544445
3659.0,394.1,3683.0,392.3219,368.09998,6.5802565
3660.0,338.8833333333333,3684.0,337.10522,384.25,12.269298
3661.0,305.4,3685.0,303.6219,330.55,8.146454
3662.0,309.4,3686.0,307.6219,296.21667,3.8502939
3663.0,313.5833333333333,3687.0,311.80524,351.53333,11.301373
3664.0,290.05,3688.0,288.2719,336.95,14.446683
3665.0,339.4166666666667,3689.0,337.63858,358.76666,5.8890877
3666.0,266.7,3690.0,264.9219,296.16666,10.54972
3667.0,219.16666666666666,3691.0,217.38857,250.91666,13.362243
3668.0,318.3833333333333,3692.0,316.60522,279.65,13.214816
3669.0,248.45,3693.0,246.6719,244.5,0.8883049
3670.0,225.56666666666666,3694.0,223.78857,257.4,13.05805
3671.0,232.68333333333334,3695.0,230.90524,277.16666,16.69083
3672.0,180.45,3696.0,178.6719,195.25,8.490702
3673.0,190.48333333333332,3697.0,188.70523,188.98332,0.1471513
3674.0,225.06666666666666,3698.0,223.28857,152.9,46.035698
3675.0,188.06666666666666,3699.0,186.28857,151.08333,23.301874
3676.0,192.1,3700.0,190.3219,158.98332,19.711864
3677.0,177.71666666666667,3701.0,175.93857,160.13333,9.870048
3678.0,175.18333333333334,3702.0,173.40523,152.75,13.5222435
3679.0,180.83333333333334,3703.0,179.05524,175.81667,1.842016
3680.0,212.66666666666666,3704.0,210.88857,186.15,13.28959
3681.0,263.81666666666666,3705.0,262.03857,227.09999,15.384669
3682.0,350.21666666666664,3706.0,348.43857,324.63333,7.332961
3683.0,368.1,3707.0,366.3219,333.8333,9.731979
3684.0,384.25,3708.0,382.47192,322.45,18.61433
3685.0,330.55,3709.0,328.7719,298.13333,10.276805
3686.0,296.21666666666664,3710.0,294.43857,266.09998,10.649604
3687.0,351.53333333333336,3711.0,349.75525,295.66666,18.293776
3688.0,336.95,3712.0,335.17194,301.38333,11.211172
3689.0,358.76666666666665,3713.0,356.9886,289.3,23.397373
3690.0,296.1666666666667,3714.0,294.38855,309.9,5.0053062
3691.0,250.91666666666666,3715.0,249.13857,270.3333,7.840228
3692.0,279.65,3716.0,277.8719,234.58333,18.453382
3693.0,244.5,3717.0,242.7219,225.25,7.7566676
3694.0,257.4,3718.0,255.6219,212.79999,20.123081
3695.0,277.1666666666667,3719.0,275.38855,244.43333,12.664072
3696.0,195.25,3720.0,193.4719,245.56665,21.2141
3697.0,188.98333333333332,3721.0,187.20523,214.61667,12.772279
3698.0,152.9,3722.0,151.1219,194.13333,22.155613
3699.0,151.08333333333334,3723.0,149.30524,183.04999,18.43472
3700.0,158.98333333333332,3724.0,157.20523,204.73332,23.214634
3701.0,160.13333333333333,3725.0,158.35522,210.84999,24.896736
3702.0,152.75,3726.0,150.9719,173.63333,13.051317
3703.0,175.81666666666666,3727.0,174.03857,207.83333,16.260508
3704.0,186.15,3728.0,184.3719,192.79999,4.371414
3705.0,227.1,3729.0,225.3219,210.48332,7.049764
3706.0,324.6333333333333,3730.0,322.85522,280.25,15.202578
3707.0,333.8333333333333,3731.0,332.05524,325.84998,1.9043307
3708.0,322.45,3732.0,320.6719,330.05,2.8414125
3709.0,298.1333333333333,3733.0,296.35522,315.46667,6.058152
3710.0,266.1,3734.0,264.3219,321.5833,17.806091
3711.0,295.6666666666667,3735.0,293.88855,279.5833,5.116627
3712.0,301.3833333333333,3736.0,299.60522,310.73334,3.5812418
3713.0,289.3,3737.0,287.5219,286.0833,0.50286
3714.0,309.9,3738.0,308.1219,259.06665,18.935373
3715.0,270.3333333333333,3739.0,268.55524,243.75,10.176507
3716.0,234.58333333333334,3740.0,232.80524,246.16666,5.427794
3717.0,225.25,3741.0,223.4719,219.91666,1.6166292
3718.0,212.8,3742.0,211.0219,210.95,0.03408363
3719.0,244.43333333333334,3743.0,242.65523,234.18332,3.6176395
3720.0,245.56666666666666,3744.0,243.78857,206.53333,18.038372
3721.0,214.61666666666667,3745.0,212.83856,188.25,13.061653
3722.0,194.13333333333333,3746.0,192.35524,192.53333,0.092495844
3723.0,183.05,3747.0,181.2719,193.7,6.416159
3724.0,204.73333333333332,3748.0,202.95523,166.38333,21.980507
3725.0,210.85,3749.0,209.0719,146.51666,42.694965
3726.0,173.63333333333333,3750.0,171.85524,169.79999,1.2103959
3727.0,207.83333333333334,3751.0,206.05524,160.81665,28.130537
3728.0,192.8,3752.0,191.0219,192.41666,0.72486454
3729.0,210.48333333333332,3753.0,208.70523,266.73334,21.7551
3730.0,280.25,3754.0,278.4719,350.0,20.436602
3731.0,325.85,3755.0,324.0719,385.45,15.923755
3732.0,330.05,3756.0,328.2719,364.18335,9.860813
3733.0,315.46666666666664,3757.0,313.68857,321.94998,2.566055
3734.0,321.5833333333333,3758.0,319.80524,328.91666,2.7701302
3735.0,279.5833333333333,3759.0,277.80524,368.46667,24.605059
3736.0,310.73333333333335,3760.0,308.95523,419.46667,26.345703
3737.0,286.0833333333333,3761.0,284.30524,405.84998,29.948193
3738.0,259.06666666666666,3762.0,257.28857,419.68332,38.69459
3739.0,243.75,3763.0,241.9719,344.06665,29.67296
3740.0,246.16666666666666,3764.0,244.38857,303.34998,19.436762
3741.0,219.91666666666666,3765.0,218.13857,282.91666,22.896528
3742.0,210.95,3766.0,209.1719,318.46667,34.31906
3743.0,234.18333333333334,3767.0,232.40524,408.18335,43.06352
3744.0,206.53333333333333,3768.0,204.75523,365.15,43.92572
3745.0,188.25,3769.0,186.4719,127.399994,46.36727
3746.0,192.53333333333333,3770.0,190.75523,137.01666,39.220463
3747.0,193.7,3771.0,191.9219,132.35,45.010876
3748.0,166.38333333333333,3772.0,164.60522,82.91666,98.51889
3749.0,146.51666666666668,3773.0,144.73856,62.116653,133.01088
3750.0,169.8,3774.0,168.0219,107.23333,56.68813
3751.0,160.81666666666666,3775.0,159.03856,110.89999,43.407196
3752.0,192.41666666666666,3776.0,190.63857,151.96666,25.447624
3753.0,266.73333333333335,3777.0,264.95523,224.06665,18.2484
3754.0,350.0,3778.0,348.22192,433.31665,19.638
3755.0,385.45,3779.0,383.6719,442.28333,13.252008
3756.0,364.18333333333334,3780.0,362.40524,418.61667,13.427899
3757.0,321.95,3781.0,320.1719,390.21667,17.950226
3758.0,328.9166666666667,3782.0,327.13855,360.66666,9.296148
3759.0,368.46666666666664,3783.0,366.68857,408.93332,10.330475
3760.0,419.46666666666664,3784.0,417.6886,378.06665,10.480149
3761.0,405.85,3785.0,404.0719,360.48334,12.0917
3762.0,419.68333333333334,3786.0,417.90524,286.3333,45.95062
3763.0,344.06666666666666,3787.0,342.28857,390.18335,12.274941
3764.0,303.35,3788.0,301.5719,281.4,7.16841
3765.0,282.9166666666667,3789.0,281.13855,233.01666,20.651693
3766.0,318.46666666666664,3790.0,316.68857,202.48332,56.402294
3767.0,408.18333333333334,3791.0,406.40524,267.71667,51.804234
3768.0,365.15,3792.0,363.3719,170.78333,112.76778
3769.0,127.4,3793.0,125.621895,171.76666,26.8648
3770.0,137.01666666666668,3794.0,135.23856,163.15,17.107838
3771.0,132.35,3795.0,130.5719,198.41666,34.193073
3772.0,82.91666666666667,3796.0,81.138565,103.46666,21.57999
3773.0,62.11666666666667,3797.0,60.338577,94.95,36.45226
3774.0,107.23333333333333,3798.0,105.45523,113.83332,7.359963
3775.0,110.9,3799.0,109.1219,123.61666,11.725571
3776.0,151.96666666666667,3800.0,150.18857,124.04999,21.071007
3777.0,224.06666666666666,3801.0,222.28857,217.71666,2.099938
3778.0,433.31666666666666,3802.0,431.53857,365.45,18.08416
3779.0,442.28333333333336,3803.0,440.50522,448.7,1.8263413
3780.0,418.6166666666667,3804.0,416.83856,404.51666,3.0460796
3781.0,390.21666666666664,3805.0,388.43857,369.43332,5.144433
3782.0,360.6666666666667,3806.0,358.88858,348.96667,2.8432245
3783.0,408.93333333333334,3807.0,407.15524,373.51666,9.005912
3784.0,378.06666666666666,3808.0,376.28857,336.8,11.724641
3785.0,360.48333333333335,3809.0,358.70523,377.71664,5.0332475
3786.0,286.3333333333333,3810.0,284.55524,359.36667,20.817575
3787.0,390.18333333333334,3811.0,388.40524,328.6,18.200012
3788.0,281.4,3812.0,279.6219,244.96666,14.146916
3789.0,233.01666666666668,3813.0,231.23857,248.98334,7.126889
3790.0,202.48333333333332,3814.0,200.70523,234.98332,14.587458
3791.0,267.71666666666664,3815.0,265.93857,268.11667,0.8123704
3792.0,170.78333333333333,3816.0,169.00523,153.71666,9.945945
3793.0,171.76666666666668,3817.0,169.98857,164.7,3.2110348
3794.0,163.15,3818.0,161.3719,185.29999,12.91316
3795.0,198.41666666666666,3819.0,196.63857,213.7,7.983824
3796.0,103.46666666666667,3820.0,101.68856,211.58333,51.939236
3797.0,94.95,3821.0,93.1719,177.58333,47.53342
3798.0,113.83333333333333,3822.0,112.05524,178.71666,37.300064
3799.0,123.61666666666666,3823.0,121.83857,182.61667,33.28179
3800.0,124.05,3824.0,122.2719,148.99998,17.938316
3801.0,217.71666666666667,3825.0,215.93857,283.66666,23.875942
3802.0,365.45,3826.0,363.6719,335.48334,8.402375
3803.0,448.7,3827.0,446.92188,419.01666,6.6596904
3804.0,404.51666666666665,3828.0,402.7386,214.24998,87.97601
3805.0,369.43333333333334,3829.0,367.65524,185.88333,97.78817
3806.0,348.96666666666664,3830.0,347.1886,200.95,72.77363
3807.0,373.51666666666665,3831.0,371.7386,229.08333,62.272217
3808.0,336.8,3832.0,335.0219,203.71666,64.45484
3809.0,377.71666666666664,3833.0,375.9386,202.41667,85.72511
3810.0,359.3666666666667,3834.0,357.58856,173.68332,105.885376
3811.0,328.6,3835.0,326.8219,151.86665,115.2032
3812.0,244.96666666666667,3836.0,243.18857,145.15,67.54294
3813.0,248.98333333333332,3837.0,247.20523,122.299995,102.130196
3814.0,234.98333333333332,3838.0,233.20523,134.9,72.87267
3815.0,268.1166666666667,3839.0,266.33856,167.98332,58.5506
3816.0,153.71666666666667,3840.0,151.93857,88.399994,71.87622
3817.0,164.7,3841.0,162.9219,13.199997,1134.2571
3818.0,185.3,3842.0,183.5219,18.499985,892.01105
3819.0,213.7,3843.0,211.9219,14.96666,1315.96
3820.0,211.58333333333334,3844.0,209.80524,17.5,1098.8871
3821.0,177.58333333333334,3845.0,175.80524,13.783325,1175.4922
3822.0,178.71666666666667,3846.0,176.93857,22.733307,678.32306
3823.0,182.61666666666667,3847.0,180.83856,33.533325,439.28012
3824.0,149.0,3848.0,147.2219,56.21666,161.88303
3825.0,283.6666666666667,3849.0,281.88858,92.13333,205.95721
3826.0,335.48333333333335,3850.0,333.70526,203.41666,64.05012
3827.0,419.01666666666665,3851.0,417.2386,242.56667,72.009865
3828.0,214.25,3852.0,212.4719,346.56665,38.692345
3829.0,185.88333333333333,3853.0,184.10522,347.68335,47.048016
3830.0,200.95,3854.0,199.1719,314.7,36.710552
3831.0,229.08333333333334,3855.0,227.30524,312.45,27.250687
3832.0,203.71666666666667,3856.0,201.93857,210.46666,4.0519915
3833.0,202.41666666666666,3857.0,200.63857,220.06667,8.8282795
3834.0,173.68333333333334,3858.0,171.90523,316.98334,45.76837
3835.0,151.86666666666667,3859.0,150.08856,141.23332,6.269937
3836.0,145.15,3860.0,143.3719,108.399994,32.26191
3837.0,122.3,3861.0,120.5219,100.66666,19.723751
3838.0,134.9,3862.0,133.1219,101.95,30.57568
3839.0,167.98333333333332,3863.0,166.20523,123.56666,34.506535
3840.0,88.4,3864.0,86.6219,92.44999,6.304043
3841.0,13.2,3865.0,11.4219055,60.116653,81.00043
3842.0,18.5,3866.0,16.721909,59.550003,71.91955
3843.0,14.966666666666667,3867.0,13.188568,33.399994,60.513264
3844.0,17.5,3868.0,15.721909,30.149994,47.854355
3845.0,13.783333333333333,3869.0,12.005249,27.533325,56.397392
3846.0,22.733333333333334,3870.0,20.955246,31.533325,33.545715
3847.0,33.53333333333333,3871.0,31.755249,46.066666,31.066751
3848.0,56.21666666666667,3872.0,54.43857,66.600006,18.260416
3849.0,92.13333333333334,3873.0,90.35523,75.01666,20.446882
3850.0,203.41666666666666,3874.0,201.63857,161.9,24.545135
3851.0,242.56666666666666,3875.0,240.78857,173.66666,38.64986
3852.0,346.56666666666666,3876.0,344.78857,155.79999,121.302055
3853.0,347.68333333333334,3877.0,345.90524,160.65,115.31607
3854.0,314.7,3878.0,312.9219,131.68332,137.63216
3855.0,312.45,3879.0,310.6719,115.21666,169.64148
3856.0,210.46666666666667,3880.0,208.68857,101.84999,104.89798
3857.0,220.06666666666666,3881.0,218.28857,87.41666,149.7105
3858.0,316.98333333333335,3882.0,315.20523,102.66666,207.01811
3859.0,141.23333333333332,3883.0,139.45523,86.45,61.31317
3860.0,108.4,3884.0,106.6219,71.43333,49.260727
3861.0,100.66666666666667,3885.0,98.888565,62.33333,58.64477
3862.0,101.95,3886.0,100.1719,53.233337,88.175125
3863.0,123.56666666666666,3887.0,121.78857,57.34999,112.360214
3864.0,92.45,3888.0,90.6719,40.783325,122.32591
3865.0,60.11666666666667,3889.0,58.338577,32.549988,79.227646
3866.0,59.55,3890.0,57.77191,22.899994,152.27916
3867.0,33.4,3891.0,31.621902,29.71666,6.411363
3868.0,30.15,3892.0,28.371902,33.916656,16.348175
3869.0,27.533333333333335,3893.0,25.755249,34.25,24.802193
3870.0,31.533333333333335,3894.0,29.755234,28.649994,3.8577313
3871.0,46.06666666666667,3895.0,44.288574,45.86667,3.440613
3872.0,66.6,3896.0,64.8219,60.69998,6.790641
3873.0,75.01666666666667,3897.0,73.23858,76.266655,3.97038
3874.0,161.9,3898.0,160.1219,146.31667,9.435178
3875.0,173.66666666666666,3899.0,171.88857,163.18332,5.334642
3876.0,155.8,3900.0,154.0219,203.78333,24.418793
3877.0,160.65,3901.0,158.8719,162.46666,2.2126122
3878.0,131.68333333333334,3902.0,129.90523,131.15,0.9491165
3879.0,115.21666666666667,3903.0,113.43857,153.34999,26.026361
3880.0,101.85,3904.0,100.0719,145.65,31.292892
3881.0,87.41666666666667,3905.0,85.638565,118.399994,27.670128
3882.0,102.66666666666667,3906.0,100.888565,106.38332,5.1650567
3883.0,86.45,3907.0,84.6719,107.13333,20.965868
3884.0,71.43333333333334,3908.0,69.65524,101.816666,31.587584
3885.0,62.333333333333336,3909.0,60.555237,88.61666,31.666082
3886.0,53.233333333333334,3910.0,51.455246,75.899994,32.20652
3887.0,57.35,3911.0,55.5719,86.21666,35.5439
3888.0,40.78333333333333,3912.0,39.005234,42.099976,7.350935
3889.0,32.55,3913.0,30.771896,34.19998,10.023646
3890.0,22.9,3914.0,21.121902,26.549988,20.444775
3891.0,29.716666666666665,3915.0,27.938583,26.866669,3.9897566
3892.0,33.916666666666664,3916.0,32.13858,27.96666,14.9174795
3893.0,34.25,3917.0,32.47191,21.533325,50.798393
3894.0,28.65,3918.0,26.871902,25.116653,6.9883876
3895.0,45.86666666666667,3919.0,44.088577,56.399994,21.828756
3896.0,60.7,3920.0,58.921906,65.33333,9.813402
3897.0,76.26666666666667,3921.0,74.48857,82.799995,10.037952
3898.0,146.31666666666666,3922.0,144.53857,175.13333,17.46941
3899.0,163.18333333333334,3923.0,161.40523,303.44998,46.80994
3900.0,203.78333333333333,3924.0,202.00523,274.61667,26.441013
3901.0,162.46666666666667,3925.0,160.68857,266.11667,39.61725
3902.0,131.15,3926.0,129.3719,234.11667,44.740414
3903.0,153.35,3927.0,151.5719,181.29999,16.39718
3904.0,145.65,3928.0,143.8719,192.2,25.14469
3905.0,118.4,3929.0,116.6219,154.73332,24.630388
3906.0,106.38333333333334,3930.0,104.60523,119.69999,12.610492
3907.0,107.13333333333334,3931.0,105.35523,93.93333,12.159588
3908.0,101.81666666666666,3932.0,100.03857,116.93333,14.448198
3909.0,88.61666666666666,3933.0,86.83857,130.48334,33.44854
3910.0,75.9,3934.0,74.12191,92.299995,19.694569
3911.0,86.21666666666667,3935.0,84.43857,113.64999,25.702965
3912.0,42.1,3936.0,40.321915,78.049995,48.338352
3913.0,34.2,3937.0,32.421906,71.78332,54.83365
3914.0,26.55,3938.0,24.771912,34.549988,28.301245
3915.0,26.866666666666667,3939.0,25.088577,39.733322,36.85759
3916.0,27.966666666666665,3940.0,26.188568,25.566666,2.432474
3917.0,21.533333333333335,3941.0,19.755249,18.46666,6.977924
3918.0,25.116666666666667,3942.0,23.338562,34.93332,33.191113
3919.0,56.4,3943.0,54.621902,66.816666,18.251081
3920.0,65.33333333333333,3944.0,63.555237,251.86667,74.76631
3921.0,82.8,3945.0,81.0219,271.3333,70.13935
3922.0,175.13333333333333,3946.0,173.35522,312.61667,44.54703
3923.0,303.45,3947.0,301.6719,323.3333,6.6994047
3924.0,274.6166666666667,3948.0,272.83856,315.06665,13.402906
3925.0,266.1166666666667,3949.0,264.33856,239.81667,10.225267
3926.0,234.11666666666667,3950.0,232.33856,261.05,10.99844
3927.0,181.3,3951.0,179.5219,256.65,30.05186
3928.0,192.2,3952.0,190.4219,285.23334,33.239956
3929.0,154.73333333333332,3953.0,152.95523,314.85,51.41965
3930.0,119.7,3954.0,117.9219,298.86667,60.54364
3931.0,93.93333333333334,3955.0,92.155235,258.93332,64.40966
3932.0,116.93333333333334,3956.0,115.155235,244.83333,52.965866
3933.0,130.48333333333332,3957.0,128.70523,104.416664,23.261196
3934.0,92.3,3958.0,90.521904,72.666664,24.571432
3935.0,113.65,3959.0,111.8719,116.28333,3.7936912
