x_last_hour,x_start_hour,predicted,mc_mean,mc_std,target,error_pct_baseline,error_pct_mcmean,p01,p05,p10,p50,p90,p95,p99,comp_bulk_rate,comp_pos_rate,comp_neg_rate,r_mean,r_abs_mean,batch_id,batch_cov90,batch_cov98
165.96667,89.066666,51.932594,77.21698,42.544796,106.933334,51.434605,27.789608,8.5843,33.89367,41.308678,62.389397,136.45702,166.21126,225.18323,0.6006,0.36159998,0.0378,25.253422,31.377287,0,0.7307692170143127,0.8557692170143127
106.933334,55.316666,38.520485,64.05946,42.740074,39.916664,3.497735,60.48301,0.0,21.241814,27.896568,48.69375,122.999664,153.46794,213.8479,0.6046,0.3586,0.0368,25.410423,31.377031,0,0.7307692170143127,0.8557692170143127
39.916664,34.533333,33.951035,59.440018,42.90548,16.316658,108.075905,264.2904,0.0,16.672363,23.327118,43.907135,119.3121,151.46887,210.82843,0.60569996,0.3579,0.036399998,25.295315,31.344206,0,0.7307692170143127,0.8557692170143127
16.316658,17.09999,23.214066,48.854366,41.9589,11.699997,98.410866,317.55878,0.0,4.7650604,12.499741,33.3405,108.80702,138.68416,193.34303,0.60469997,0.3554,0.039899997,25.18679,31.298388,0,0.7307692170143127,0.8557692170143127
11.699997,10.21666,10.088135,36.662674,41.349186,7.599991,32.738773,382.40417,0.0,0.0,0.0,20.248009,95.328865,124.78584,181.83005,0.6044,0.3592,0.036399998,25.35782,31.246017,0,0.7307692170143127,0.8557692170143127
7.599991,13.666664,7.3741302,34.052025,40.57403,7.699997,4.2320366,342.23425,0.0,0.0,0.0,17.547394,92.158936,121.06413,179.88463,0.6042,0.3581,0.037699997,25.056896,31.114267,0,0.7307692170143127,0.8557692170143127
7.699997,15.116661,14.230087,40.944675,41.706047,9.299995,53.01177,340.26553,0.0,0.0,4.208786,24.40335,99.69992,132.4568,183.99583,0.5981,0.36389998,0.038,25.786013,31.696194,0,0.7307692170143127,0.8557692170143127
9.299995,34.13333,17.207092,43.83013,42.43183,19.816666,13.168579,121.17814,0.0,0.015182495,6.8330708,27.663895,103.23371,132.83646,193.90298,0.5999,0.3655,0.0346,25.95794,31.79552,0,0.7307692170143127,0.8557692170143127
19.816666,45.783333,28.542404,54.444088,42.58615,41.38333,31.029224,31.56043,0.0,10.503479,18.37072,38.747314,114.63671,144.64432,207.40994,0.5999,0.36139998,0.0387,25.583744,31.550793,0,0.7307692170143127,0.8557692170143127
41.38333,58.449997,51.17884,76.92018,43.253174,43.491516,17.675457,76.862495,8.074556,33.00245,40.464653,61.745995,138.39496,167.95708,225.6677,0.59779996,0.364,0.0382,25.70231,31.910112,0,0.7307692170143127,0.8557692170143127
43.491516,99.49152,90.31005,115.285645,41.79595,66.62069,35.558567,73.04781,50.30179,73.03138,80.13837,100.51496,174.23686,203.19643,260.69495,0.60789996,0.3565,0.0356,24.975603,30.783684,0,0.7307692170143127,0.8557692170143127
66.62069,83.94915,97.29221,123.314445,43.26114,83.81481,16.079975,47.12727,54.753532,80.01354,86.92695,107.982735,183.7802,214.19397,271.06775,0.5958,0.3673,0.0369,26.022238,31.969519,0,0.7307692170143127,0.8557692170143127
83.81481,93.26666,103.921684,129.53497,42.66152,70.42373,47.56629,83.93654,64.00468,86.729774,93.55642,114.37849,188.9915,220.12097,280.09424,0.603,0.3617,0.035299998,25.6133,31.452387,0,0.7307692170143127,0.8557692170143127
70.42373,118.76666,109.35782,134.9115,42.96379,94.08333,16.235065,43.395756,67.60716,91.18428,98.90497,119.81462,195.06082,224.87146,285.55637,0.6015,0.36049998,0.038,25.553679,31.506506,0,0.7307692170143127,0.8557692170143127
94.08333,101.13559,113.31001,138.93037,42.835167,93.566666,21.100834,48.482765,72.04976,95.26436,102.94475,123.46989,198.8108,227.26389,287.4678,0.59779996,0.36429998,0.0379,25.620358,31.559666,0,0.7307692170143127,0.8557692170143127
93.566666,81.0,119.82117,145.46043,42.932194,83.549995,43.412537,74.09987,77.630035,101.64763,109.4559,130.01566,205.00711,235.45117,293.44586,0.5952,0.3663,0.0385,25.639284,31.679693,0,0.7307692170143127,0.8557692170143127
83.549995,88.33333,149.09196,174.66629,42.82129,103.50847,44.03842,68.745895,108.624405,132.0027,138.7267,159.29688,234.45164,265.08652,326.35995,0.6006,0.3628,0.036599997,25.574352,31.452587,0,0.7307692170143127,0.8557692170143127
103.50847,95.05454,162.07811,188.01492,43.883583,117.799995,37.587536,59.605206,119.15924,143.90457,151.34177,172.53491,249.26517,281.84964,337.00665,0.5916,0.3689,0.039499998,25.936827,32.181297,0,0.7307692170143127,0.8557692170143127
117.799995,144.76666,178.49654,204.05072,42.525963,165.5965,7.790044,23.22164,139.34094,161.21786,168.04369,188.70145,264.0197,293.97723,353.24774,0.6023,0.36229998,0.0354,25.55419,31.333292,0,0.7307692170143127,0.8557692170143127
165.5965,211.03333,188.08804,213.47495,42.714676,211.23334,10.957216,1.0611998,147.4833,170.80937,177.6352,198.28253,273.82608,303.0707,360.9021,0.604,0.3592,0.0368,25.3869,31.308262,0,0.7307692170143127,0.8557692170143127
211.23334,232.56667,194.85074,220.25139,42.341003,224.15,13.071272,1.7392842,155.583,177.57207,184.68822,205.01062,280.69403,309.0844,366.9359,0.60539997,0.3584,0.036199998,25.400661,31.166306,0,0.7307692170143127,0.8557692170143127
224.15,234.37288,196.67575,221.89229,42.605118,233.48334,15.7645445,4.9644012,156.75014,178.50221,185.80072,206.84901,281.31882,308.91818,370.85504,0.6049,0.359,0.0361,25.216526,31.301464,0,0.7307692170143127,0.8557692170143127
233.48334,212.89655,191.0191,216.81384,43.408775,174.85,9.24741,23.999905,149.07123,172.84557,180.39519,201.2136,277.4807,308.62903,368.03964,0.6006,0.3608,0.038599998,25.794767,31.845415,0,0.7307692170143127,0.8557692170143127
174.85,165.96667,160.68005,186.3539,42.53277,150.46667,6.7878017,23.850613,121.85127,143.65535,150.50836,171.13686,245.34274,275.53134,335.8452,0.6035,0.3628,0.0337,25.673853,31.27661,0,0.7307692170143127,0.8557692170143127
150.46667,106.933334,56.80165,82.5384,42.61502,107.23333,47.029854,23.029156,16.359793,39.71779,46.436386,67.368805,142.01564,170.94894,234.13371,0.5969,0.3665,0.036599997,25.72576,31.570421,0,0.7307692170143127,0.8557692170143127
107.23333,39.916664,42.338486,68.47097,42.70243,59.316666,28.622952,15.432939,1.6016055,25.146576,32.175964,53.177643,128.68468,158.62195,215.00117,0.5912,0.3709,0.0379,26.054453,31.851519,0,0.7307692170143127,0.8557692170143127
59.316666,16.316658,38.27172,64.27076,42.611225,34.35,11.416951,87.10557,0.0,21.187859,27.906456,48.962242,124.32259,153.84059,213.4801,0.604,0.36229998,0.0337,25.888233,31.601519,0,0.7307692170143127,0.8557692170143127
34.35,11.699997,35.360443,61.06729,42.665466,18.266663,93.57912,234.31006,0.0,16.911438,24.624107,45.817245,121.42546,151.14073,211.11928,0.5898,0.36769998,0.0425,25.484673,31.913462,0,0.7307692170143127,0.8557692170143127
18.266663,7.599991,19.465164,45.532207,42.477146,12.016663,61.98478,278.90894,0.0,1.291626,8.750839,29.591599,106.44752,137.41385,195.05751,0.6073,0.35369998,0.039,25.410301,31.534315,0,0.7307692170143127,0.8557692170143127
12.016663,7.699997,7.600647,34.77621,40.78773,8.833328,13.954889,293.69318,0.0,0.0,0.0,18.325687,93.755104,121.66003,181.52551,0.5984,0.36479998,0.0368,25.623869,31.566605,0,0.7307692170143127,0.8557692170143127
8.833328,9.299995,11.964775,38.825024,41.74451,14.48333,17.389336,168.06699,0.0,0.0,1.5995102,22.531929,99.176,127.38653,186.07668,0.602,0.36229998,0.0357,25.762419,31.734964,0,0.7307692170143127,0.8557692170143127
14.48333,19.816666,21.369736,47.331173,41.497303,24.416664,12.4788885,93.84783,0.0,3.3308105,10.916885,32.060257,106.16923,135.10356,191.36238,0.59819996,0.36429998,0.037499998,25.460001,31.370058,0,0.7307692170143127,0.8557692170143127
24.416664,41.38333,34.48797,59.770515,42.31771,47.85,27.92483,24.912262,0.0,16.038963,23.751633,44.614403,118.87559,149.97937,207.71428,0.6005,0.3603,0.0392,25.05384,31.284174,0,0.7307692170143127,0.8557692170143127
47.85,43.491516,41.405174,66.3925,42.60131,74.36667,44.32294,10.72277,0.0,23.231636,30.69085,51.53161,125.294525,156.2197,216.73926,0.6073,0.3534,0.0393,24.857117,31.10475,0,0.7307692170143127,0.8557692170143127
74.36667,66.62069,96.36207,121.57404,43.032906,132.06667,27.035284,7.944944,55.265316,78.18568,85.64774,106.52194,180.87128,212.1739,272.89264,0.6009,0.3588,0.0403,25.211975,31.369455,0,0.7307692170143127,0.8557692170143127
132.06667,83.81481,127.367256,152.11064,42.53939,159.94916,20.370161,4.90063,86.556656,109.190865,116.65293,137.32336,211.22505,242.44254,303.48114,0.6083,0.352,0.039699998,24.74339,30.91352,0,0.7307692170143127,0.8557692170143127
159.94916,70.42373,137.06854,162.8298,42.754982,165.55,17.204144,1.6431286,95.537125,119.02962,126.70328,147.26825,223.24332,251.72961,306.29807,0.593,0.371,0.036,25.761257,31.703203,0,0.7307692170143127,0.8557692170143127
165.55,94.08333,160.20096,185.89055,43.352077,171.6,6.6428013,8.327822,120.203735,142.92229,149.48677,170.39545,246.32802,278.36743,337.06543,0.5984,0.3636,0.038,25.6896,31.688534,0,0.7307692170143127,0.8557692170143127
171.6,93.566666,161.99016,188.18675,43.6425,174.28334,7.0535617,7.977476,119.602844,143.81377,151.53731,172.68068,249.71558,277.13922,339.92233,0.5922,0.3687,0.0391,26.19661,32.322556,0,0.7307692170143127,0.8557692170143127
174.28334,83.549995,166.72034,192.62714,43.47326,177.63333,6.143551,8.440874,124.11242,148.5468,156.35507,177.35292,252.79015,283.5091,345.07086,0.5994,0.36159998,0.039,25.90679,31.955505,0,0.7307692170143127,0.8557692170143127
177.63333,103.50847,179.83398,206.08267,43.96261,175.7,2.3528671,17.29236,139.15097,161.79506,169.38113,190.5245,267.11133,299.96817,357.62585,0.6008,0.363,0.036199998,26.248703,32.09379,0,0.7307692170143127,0.8557692170143127
175.7,117.799995,184.53436,209.86209,42.252834,183.18965,0.7340542,14.560014,144.25523,166.49544,174.37184,194.73927,268.7437,298.0302,353.72098,0.5991,0.3636,0.037299998,25.327755,31.116852,0,0.7307692170143127,0.8557692170143127
183.18965,165.5965,190.48419,215.8559,42.28005,147.73334,28.937853,46.11184,151.05089,173.29228,180.03134,201.11678,275.20923,305.9701,363.227,0.60069996,0.36479998,0.0345,25.371717,31.233622,0,0.7307692170143127,0.8557692170143127
147.73334,211.23334,196.70764,221.8532,42.510178,129.91667,51.41062,70.76576,157.3267,178.5341,186.08372,206.90735,281.44223,311.69064,370.1999,0.6044,0.357,0.038599998,25.145561,31.106522,0,0.7307692170143127,0.8557692170143127
129.91667,224.15,206.57112,231.64377,42.960484,158.0,30.741215,46.60998,163.94518,188.39473,195.9472,216.39954,291.19983,322.37335,381.36844,0.5998,0.3597,0.0405,25.072664,31.18283,0,0.7307692170143127,0.8557692170143127
158.0,233.48334,215.44849,241.23505,43.57807,164.68333,30.825918,46.48419,175.51222,197.27495,204.73416,225.64297,303.43768,333.69858,393.78656,0.6019,0.36139998,0.0367,25.78655,31.815393,0,0.7307692170143127,0.8557692170143127
164.68333,174.85,206.29178,231.31737,42.67897,148.21667,39.18257,56.06703,164.86707,188.25285,195.55545,216.46504,290.7936,322.70212,381.22824,0.6053,0.3575,0.0372,25.025581,31.096767,0,0.7307692170143127,0.8557692170143127
148.21667,150.46667,167.0744,192.16069,42.77706,140.4,18.998867,36.866592,126.19656,148.90086,156.36021,177.11368,252.25063,279.69464,345.38992,0.6073,0.3543,0.038399998,25.086302,31.065826,0,0.7307692170143127,0.8557692170143127
140.4,107.23333,88.900055,114.119286,42.867672,94.85,6.2730036,20.315538,46.444214,70.72366,78.18587,99.05993,173.15033,203.19897,266.1245,0.5976,0.3627,0.039699998,25.219233,31.430624,0,0.7307692170143127,0.8557692170143127
94.85,59.316666,66.423996,92.00898,42.975037,52.61666,26.241375,74.86663,23.734034,47.97499,55.68766,76.618484,153.95662,181.91566,235.70844,0.5945,0.3636,0.041899998,25.583164,31.85479,0,0.7307692170143127,0.8557692170143127
52.61666,34.35,41.77939,66.71446,42.068443,30.199997,38.34236,120.90883,0.18961671,23.60585,31.155472,51.973877,125.10884,156.83453,213.18738,0.6059,0.35689998,0.0372,24.837122,30.86663,0,0.7307692170143127,0.8557692170143127
30.199997,18.266663,30.504265,56.576385,42.61329,17.949997,69.94022,215.18884,0.0,12.46534,20.139,41.194786,116.5252,147.65443,207.27196,0.5969,0.36679998,0.0363,25.820406,31.687737,0,0.7307692170143127,0.8557692170143127
17.949997,12.016663,18.468872,45.035698,42.725567,12.366661,49.344048,264.17023,0.0,0.4299469,7.8449554,28.925674,104.8084,136.15892,194.6874,0.59779996,0.3642,0.038,25.929691,31.916922,0,0.7307692170143127,0.8557692170143127
12.366661,8.833328,13.514412,39.68455,41.55436,8.46666,59.61917,368.71558,0.0,0.0,2.8002243,24.081566,97.211296,128.57314,187.64703,0.6003,0.3618,0.0379,25.22952,31.253809,0,0.7307692170143127,0.8557692170143127
8.46666,14.48333,18.374146,45.07013,42.265987,8.799995,108.79722,412.16083,0.0,0.1977539,7.921295,29.081926,105.0362,133.67932,194.11081,0.5962,0.3644,0.0394,26.029177,32.030575,0,0.7307692170143127,0.8557692170143127
8.799995,24.416664,26.4628,52.5519,42.291317,21.849998,21.111217,140.51215,0.0,8.423874,15.748611,37.15332,112.03503,141.44107,200.2237,0.5963,0.3664,0.037299998,25.735683,31.731112,0,0.7307692170143127,0.8557692170143127
21.849998,47.85,38.38082,63.990173,42.31365,70.8,45.789803,9.618403,0.0,20.207283,28.015556,48.57531,124.16116,152.29745,208.62007,0.5949,0.36499998,0.0401,25.473185,31.473137,0,0.7307692170143127,0.8557692170143127
70.8,74.36667,72.98779,98.3264,42.608845,122.11667,40.2311,19.481588,33.60274,54.948868,62.534943,83.444595,156.69835,186.96487,247.27785,0.6058,0.359,0.0352,25.33784,31.251259,0,0.7307692170143127,0.8557692170143127
122.11667,132.06667,125.86366,151.37169,42.76806,143.81667,12.483256,5.253232,86.73834,108.7798,115.84236,136.03693,211.82524,241.25613,298.5287,0.6059,0.3583,0.0358,25.508034,31.20968,0,0.7307692170143127,0.8557692170143127
143.81667,159.94916,148.85515,174.97813,43.498795,168.28333,11.544921,3.978296,105.473404,130.67876,138.14082,159.4223,236.70505,264.7451,322.84875,0.5869,0.37309998,0.04,26.122988,32.32491,0,0.7307692170143127,0.8557692170143127
168.28333,165.55,178.70398,204.17412,42.31011,178.26666,0.24531615,14.532979,138.4522,160.66505,168.25113,189.3945,263.69476,293.18008,347.95102,0.59999996,0.3642,0.0358,25.470137,31.34795,0,0.7307692170143127,0.8557692170143127
178.26666,171.6,176.66891,202.00629,42.408417,182.72223,3.3128505,10.553756,136.35078,158.49538,165.93259,187.1809,261.47427,290.42142,346.93744,0.5985,0.3638,0.037699997,25.337362,31.435875,0,0.7307692170143127,0.8557692170143127
182.72223,174.28334,187.39847,212.92125,42.16857,162.78333,15.121415,30.800406,147.02171,169.35954,177.0332,197.85527,272.40506,299.2876,357.98175,0.59569997,0.3667,0.0376,25.522783,31.406837,0,0.7307692170143127,0.8557692170143127
162.78333,177.63333,177.34944,202.77103,42.460766,116.51666,52.209507,74.02749,137.74281,159.1759,166.63525,187.55435,262.45297,291.18326,349.05728,0.6048,0.3584,0.0368,25.421593,31.332474,0,0.7307692170143127,0.8557692170143127
116.51666,175.7,165.9634,191.3198,42.779427,89.066666,86.33615,114.80516,124.607185,148.77148,155.24919,176.08983,252.47719,282.0333,339.2403,0.6001,0.363,0.0369,25.35643,31.335835,0,0.7307692170143127,0.8557692170143127
89.066666,183.18965,158.24727,183.95023,43.01406,65.75,140.68025,179.77222,116.912285,140.07373,147.79442,168.44696,243.67453,274.82642,335.10413,0.5929,0.368,0.0391,25.702948,31.78994,0,0.7307692170143127,0.8557692170143127
65.75,147.73334,147.95454,174.26825,43.651527,55.86666,164.83513,211.93605,107.646194,130.63786,137.33063,158.78926,236.12457,267.5948,323.16992,0.5977,0.3655,0.0368,26.313719,32.208714,0,0.7307692170143127,0.8557692170143127
55.86666,129.91667,153.53157,178.51486,42.063168,52.916664,190.13841,237.35094,109.89908,135.34155,143.07872,163.70483,237.77353,265.042,322.59964,0.5977,0.3626,0.039699998,24.98329,31.116617,0,0.7307692170143127,0.8557692170143127
52.916664,158.0,171.9041,197.2033,42.60295,54.649994,214.55464,260.84778,130.3108,153.85844,161.53883,182.47125,257.14224,287.29443,342.2081,0.5981,0.3638,0.0381,25.2992,31.294374,0,0.7307692170143127,0.8557692170143127
54.649994,164.68333,173.44946,198.91653,42.93793,58.68333,195.56854,238.96599,133.16957,156.17079,162.82555,183.59262,259.56787,290.44092,346.365,0.6117,0.3525,0.0358,25.467066,31.395947,0,0.7307692170143127,0.8557692170143127
58.68333,148.21667,152.47415,177.89531,42.322777,55.049995,176.97397,223.15228,111.71127,134.43523,141.85023,163.30887,237.86429,266.4988,319.8972,0.5947,0.36699998,0.0383,25.421167,31.431868,0,0.7307692170143127,0.8557692170143127
55.049995,140.4,113.127205,138.91594,43.06822,42.283325,167.54567,228.53598,72.17478,96.04334,102.76194,123.69436,199.14964,229.24286,288.7755,0.601,0.3651,0.0339,25.788744,31.668211,0,0.7307692170143127,0.8557692170143127
42.283325,94.85,83.27662,109.08281,43.14814,25.383331,228.076,329.7419,42.239338,65.230965,73.1141,93.9092,169.24283,200.31053,261.05994,0.603,0.3597,0.037299998,25.806187,31.6223,0,0.7307692170143127,0.8557692170143127
25.383331,52.61666,46.172516,71.46354,42.54622,13.216667,249.35066,440.70773,8.894496,28.13359,36.00083,56.33239,131.50787,160.3145,222.35736,0.6085,0.3557,0.0358,25.254776,30.985518,0,0.7307692170143127,0.8557692170143127
13.216667,30.199997,29.708542,55.093,41.94323,6.699997,343.4113,722.28394,0.0,11.669617,19.084625,39.868416,113.58624,142.87564,198.92549,0.603,0.36139998,0.0356,25.125408,31.091822,0,0.7307692170143127,0.8557692170143127
6.699997,17.949997,15.832397,41.737385,41.439613,5.399994,193.19287,672.9154,0.0,0.0,5.208481,26.037308,100.52307,129.37727,188.07994,0.6019,0.35869998,0.0394,25.05819,31.157347,0,0.7307692170143127,0.8557692170143127
5.399994,12.366661,4.7607727,32.376255,40.637276,4.283325,11.146656,655.8673,0.0,0.0,0.0,15.272751,90.00532,119.11044,180.20934,0.59889996,0.3628,0.0383,25.574324,31.597818,0,0.7307692170143127,0.8557692170143127
4.283325,8.46666,1.820961,30.759325,41.094856,3.2666626,44.256226,841.6132,0.0,0.0,0.0,12.655678,90.37557,119.67739,176.39911,0.5943,0.3701,0.0356,26.436424,32.283142,0,0.7307692170143127,0.8557692170143127
3.2666626,8.799995,8.400307,35.344803,41.340614,7.033333,19.435648,402.53278,0.0,0.0,0.0,19.03289,94.560005,122.70554,182.46771,0.599,0.3592,0.0418,25.335365,31.650856,0,0.7307692170143127,0.8557692170143127
7.033333,21.849998,28.35334,54.49568,42.595387,10.650002,166.22852,411.69647,0.0,10.179802,17.90049,38.920494,113.79107,144.40472,206.00246,0.59529996,0.36769998,0.037,25.807812,31.7755,0,0.7307692170143127,0.8557692170143127
10.650002,70.8,47.85698,73.29761,42.720047,16.416664,191.51463,346.48297,5.119136,29.407974,37.224037,58.31378,133.455,161.613,224.09483,0.59709996,0.3622,0.0407,25.39605,31.587074,0,0.7307692170143127,0.8557692170143127
16.416664,122.11667,54.60549,80.16495,43.100964,30.23333,80.613556,165.1542,11.557522,36.4291,43.891167,64.778755,142.02391,170.76735,224.10455,0.6005,0.3602,0.0393,25.531317,31.806803,0,0.7307692170143127,0.8557692170143127
30.23333,143.81667,60.738728,86.28053,42.59402,31.272728,94.22267,175.89705,21.905504,43.546818,50.285877,71.37131,146.73943,176.49886,233.24698,0.6071,0.3588,0.0341,25.534733,31.36074,0,0.7307692170143127,0.8557692170143127
31.272728,168.28333,72.14075,98.343735,43.48507,32.666664,120.839035,201.05228,30.934992,54.10182,61.426422,82.975464,157.87003,189.03369,249.65877,0.589,0.37129998,0.039699998,26.20211,32.242554,0,0.7307692170143127,0.8557692170143127
32.666664,178.26666,81.35318,107.06814,42.906517,36.299995,124.11348,194.95358,40.846786,64.263916,71.181496,91.55809,165.81541,197.48396,259.49304,0.602,0.36249998,0.035499997,25.714966,31.50122,0,0.7307692170143127,0.8557692170143127
36.299995,182.72223,87.51335,113.130875,42.351624,46.549995,87.99862,143.0309,47.248993,70.32144,77.0605,98.145935,173.28203,201.14717,260.73175,0.59569997,0.3685,0.0358,25.617517,31.439087,0,0.7307692170143127,0.8557692170143127
46.549995,162.78333,85.64111,110.93075,42.837345,42.033325,103.74574,163.91142,46.538937,68.4492,74.926926,95.59721,171.98395,202.36163,258.5874,0.6103,0.35459998,0.035099998,25.289633,31.275078,0,0.7307692170143127,0.8557692170143127
42.033325,116.51666,76.662445,102.19663,42.531498,35.75862,114.3887,185.79578,37.07841,59.470535,66.49992,87.2296,162.92093,193.07603,247.92001,0.6071,0.3559,0.037,25.534184,31.23605,0,0.7307692170143127,0.8557692170143127
35.75862,89.066666,58.80319,84.36046,42.838028,35.85,64.025635,135.3151,15.384893,40.764263,48.350338,69.370346,145.09766,173.10088,230.98845,0.6008,0.36049998,0.0387,25.54348,31.576862,0,0.7307692170143127,0.8557692170143127
35.85,65.75,43.09797,68.19234,41.47769,37.033333,16.376156,84.137726,2.74738,24.648964,32.361633,53.55477,127.19113,154.19234,206.6489,0.59819996,0.3618,0.04,25.003527,31.178513,0,0.7307692170143127,0.8557692170143127
37.033333,55.86666,36.427437,61.86204,42.91474,43.81035,16.85198,41.204174,0.0,18.253899,25.71325,46.55387,121.5439,151.95107,215.00432,0.6035,0.3574,0.0391,25.254837,31.395815,0,0.7307692170143127,0.8557692170143127
43.81035,52.916664,34.980057,61.26801,42.704372,58.38333,40.08554,4.940927,0.0,16.531052,24.527206,45.837868,120.87247,151.49162,209.33812,0.5915,0.3696,0.0389,26.113039,32.101288,0,0.7307692170143127,0.8557692170143127
58.38333,54.649994,35.909973,61.368034,41.873135,64.61666,44.42614,5.0275373,0.0,17.871048,25.286057,46.542557,121.429726,149.31883,205.0158,0.5987,0.363,0.0383,25.293612,31.332403,0,0.7307692170143127,0.8557692170143127
64.61666,58.68333,33.705414,59.13062,42.70853,48.799995,30.931524,21.169312,0.0,15.529022,22.991089,43.88929,119.27556,148.45377,211.44513,0.60139996,0.3581,0.0405,25.208513,31.4826,0,0.7307692170143127,0.8557692170143127
48.799995,55.049995,25.626106,51.132492,41.812775,37.566666,31.784985,36.11134,0.0,7.4497147,14.911781,35.79937,110.07324,139.419,194.43655,0.6012,0.3585,0.0403,25.086975,31.262949,0,0.7307692170143127,0.8557692170143127
37.566666,42.283325,15.723663,42.115997,41.8939,27.333328,42.474392,54.082947,0.0,0.0,5.3583984,25.928574,100.89816,134.6483,189.25975,0.5976,0.3642,0.0382,25.604769,31.515831,0,0.7307692170143127,0.8557692170143127
27.333328,25.383331,15.822968,42.69587,42.884262,19.09999,17.157198,123.53868,0.0,0.0,5.086632,26.455551,104.2788,134.64325,194.10252,0.5969,0.362,0.0411,25.982569,32.200832,0,0.7307692170143127,0.8557692170143127
19.09999,13.216667,6.2415314,33.165173,40.78785,8.833328,29.341114,275.455,0.0,0.0,0.0,16.384686,91.65047,122.04699,181.12933,0.6064,0.3558,0.0378,25.125975,31.206593,0,0.7307692170143127,0.8557692170143127
8.833328,6.699997,1.682457,29.983099,40.149036,5.2999954,68.2555,465.71933,0.0,0.0,0.0,12.315041,86.56434,117.82355,173.62395,0.5967,0.36659998,0.0367,25.71558,31.68544,0,0.7307692170143127,0.8557692170143127
5.2999954,5.399994,0.97242737,28.845762,39.80106,3.616661,73.112564,697.5799,0.0,0.0,0.0,11.42923,86.0943,115.08405,175.06488,0.60899997,0.3545,0.0365,25.130547,31.084988,0,0.7307692170143127,0.8557692170143127
3.616661,4.283325,2.159996,30.04485,40.367477,2.5333252,14.736726,1085.9847,0.0,0.0,0.0,12.354485,87.277725,117.33697,175.12128,0.6006,0.35909998,0.0403,25.270395,31.504156,0,0.7307692170143127,0.8557692170143127
2.5333252,3.2666626,3.121109,30.296965,39.952244,2.1333237,46.302647,1320.1768,0.0,0.0,0.0,13.280983,86.53546,115.18753,175.52873,0.59959996,0.3572,0.043199997,24.70247,31.0919,0,0.7307692170143127,0.8557692170143127
2.1333237,7.033333,4.6261444,31.41443,40.3545,2.1833344,111.88438,1338.8281,0.0,0.0,0.0,14.454559,87.2066,119.61383,177.06366,0.6077,0.35209998,0.0402,24.63522,30.897112,0,0.7307692170143127,0.8557692170143127
2.1833344,10.650002,6.3975677,33.20683,40.12445,5.4333267,17.746788,511.16937,0.0,0.0,0.0,16.85437,89.80398,121.66273,174.64006,0.6024,0.3594,0.0382,25.042765,31.031565,0,0.7307692170143127,0.8557692170143127
5.4333267,16.416664,8.580727,34.99451,40.69357,12.133331,29.279715,188.41635,0.0,0.0,0.0,18.536827,93.2928,123.44972,179.84012,0.60429996,0.3576,0.0381,24.905893,31.129465,0,0.7307692170143127,0.8557692170143127
12.133331,30.23333,10.337173,37.236908,41.87208,22.220337,53.47877,67.5803,0.0,0.0,0.0,20.542084,96.80807,126.2665,186.53624,0.59529996,0.36479998,0.039899997,25.533783,31.890162,0,0.7307692170143127,0.8557692170143127
22.220337,31.272728,9.313644,36.323223,41.71985,24.25,61.593216,49.786488,0.0,0.0,0.0,19.6445,95.39212,126.93146,184.50351,0.5985,0.36249998,0.039,25.594397,31.824371,0,0.7307692170143127,0.8557692170143127
24.25,32.666664,6.716217,33.53637,40.337284,34.94915,80.78289,4.0423894,0.0,0.0,0.0,17.283371,90.22991,120.81072,177.48366,0.6016,0.3581,0.0403,25.05808,31.178656,0,0.7307692170143127,0.8557692170143127
34.94915,36.299995,4.736511,32.095512,40.86916,31.111107,84.7755,3.164161,0.0,0.0,0.0,14.896385,89.65251,119.72695,180.83356,0.60359997,0.35779998,0.038599998,25.31729,31.36203,0,0.7307692170143127,0.8557692170143127
31.111107,46.549995,2.647812,30.676825,40.395805,39.283333,93.259705,21.908804,0.0,0.0,0.0,13.338333,87.32626,116.04449,176.03902,0.59569997,0.366,0.0383,25.671469,31.577805,0,0.7307692170143127,0.8557692170143127
39.283333,42.033325,1.7017822,29.4636,39.537575,40.37288,95.784836,27.021303,0.0,0.0,0.0,12.334366,86.03524,116.24132,172.10912,0.6044,0.35979998,0.0358,25.242723,31.077093,0,0.7307692170143127,0.8557692170143127
40.37288,35.75862,5.2660065,32.714867,40.777943,34.68965,84.819664,5.6927204,0.0,0.0,0.0,15.43927,91.85726,121.67596,175.67863,0.60209996,0.36069998,0.0372,25.532328,31.493183,0,0.7307692170143127,0.8557692170143127
34.68965,35.85,13.621239,40.4709,42.040756,33.87931,59.79482,19.456095,0.0,0.0,3.2559738,24.253822,99.8008,130.9658,190.35233,0.5943,0.36679998,0.0389,25.862885,31.91705,0,0.7307692170143127,0.8557692170143127
33.87931,37.033333,22.158447,48.60211,42.56659,36.32203,38.99447,33.80891,0.0,3.9820557,11.534531,32.7256,108.295746,137.79492,196.50955,0.5913,0.3691,0.0396,25.89716,31.977367,0,0.7307692170143127,0.8557692170143127
36.32203,43.81035,30.945969,56.67561,42.30044,50.783325,39.062737,11.602794,0.0,12.77243,20.322052,41.119232,116.80119,146.64551,202.48544,0.59819996,0.363,0.038799997,25.479069,31.497887,0,0.7307692170143127,0.8557692170143127
50.783325,58.38333,36.751266,63.05176,42.97504,63.116665,41.772484,0.10283062,0.0,19.667404,26.579582,47.38385,124.79652,155.44594,209.49489,0.5988,0.36519998,0.036,26.15319,31.967762,0,0.7307692170143127,0.8557692170143127
63.116665,64.61666,31.970085,58.022423,42.87501,70.51666,54.663074,17.718138,0.0,13.93116,21.60482,42.53724,118.43856,148.21227,208.7958,0.597,0.3649,0.0381,25.81581,31.754059,0,0.7307692170143127,0.8557692170143127
70.51666,48.799995,19.96827,46.670578,42.1734,62.59322,68.09835,25.438286,0.0,1.7918777,9.253944,30.82116,107.24562,135.77058,190.7822,0.58779997,0.3707,0.0415,26.048521,32.195126,0,0.7307692170143127,0.8557692170143127
62.59322,37.566666,14.19062,41.02274,42.374695,45.766663,68.993546,10.365456,0.0,0.0,3.5667038,24.39553,101.76777,132.21162,188.2757,0.60069996,0.3629,0.036399998,25.939592,31.993036,0,0.7307692170143127,0.8557692170143127
45.766663,27.333328,11.79155,38.32206,41.54401,28.366661,58.43166,35.09542,0.0,0.0,1.0773484,21.986038,97.58473,128.36823,185.22351,0.6012,0.3604,0.038399998,25.403984,31.476494,0,0.7307692170143127,0.8557692170143127
28.366661,19.09999,16.452965,42.408413,41.947384,15.316658,7.4187646,176.87772,0.0,0.0,6.0877,26.5794,100.651215,132.63583,191.8055,0.6074,0.353,0.0396,25.177935,31.181812,0,0.7307692170143127,0.8557692170143127
15.316658,8.833328,5.1538086,32.96274,41.309128,10.21666,49.55486,222.63718,0.0,0.0,0.0,15.786392,90.63051,120.93284,183.22543,0.5961,0.3674,0.0365,25.878105,31.8296,0,0.7307692170143127,0.8557692170143127
10.21666,5.2999954,-3.8241196,25.945436,39.11421,4.533325,184.35574,472.32684,0.0,0.0,0.0,6.7430344,82.36359,111.962006,171.76625,0.5969,0.36569998,0.0374,25.585958,31.681149,0,0.7307692170143127,0.8557692170143127
4.533325,3.616661,-7.095131,23.384737,38.09744,2.9166565,343.26248,701.7652,0.0,0.0,0.0,3.064743,78.28384,107.98828,166.36244,0.602,0.35909998,0.0389,24.877026,31.263975,0,0.7307692170143127,0.8557692170143127
2.9166565,2.5333252,-7.1848907,23.688469,38.22328,2.0999985,442.1379,1028.0232,0.0,0.0,0.0,3.4476929,78.33477,107.106285,167.42953,0.5985,0.3633,0.0382,25.633419,31.455162,0,0.7307692170143127,0.8557692170143127
2.0999985,2.1333237,-6.050331,24.753357,39.189114,3.7166672,262.78915,566.0095,0.0,0.0,0.0,4.4064713,81.61841,110.5667,165.45235,0.5997,0.36159998,0.0387,25.77814,31.966192,0,0.7307692170143127,0.8557692170143127
3.7166672,2.1833344,-4.808487,25.130001,38.536716,2.5999985,284.94193,866.5391,0.0,0.0,0.0,5.8240967,80.06516,109.0747,165.69972,0.5995,0.36429998,0.036199998,25.566486,31.429243,0,0.7307692170143127,0.8557692170143127
2.5999985,5.4333267,-2.8648834,26.321981,38.91652,6.449997,144.41682,308.09293,0.0,0.0,0.0,7.860157,82.29881,110.008224,164.09843,0.5973,0.3665,0.036199998,25.412508,31.346481,0,0.7307692170143127,0.8557692170143127
6.449997,12.133331,-0.99765015,27.529774,39.300488,11.383324,108.76414,141.84302,0.0,0.0,0.0,9.196838,83.567505,112.89246,170.49704,0.6013,0.3595,0.0392,25.24941,31.286493,0,0.7307692170143127,0.8557692170143127
11.383324,22.220337,0.1953125,28.876669,40.55563,16.666664,98.828125,73.26004,0.0,0.0,0.0,10.361881,87.2497,116.968094,176.393,0.5988,0.3635,0.037699997,25.691269,31.768143,0,0.7307692170143127,0.8557692170143127
16.666664,24.25,3.1107101,31.055002,40.340305,27.0,88.47885,15.018527,0.0,0.0,0.0,13.743294,88.21665,117.01532,175.61922,0.5985,0.36389998,0.0376,25.68703,31.562439,0,0.7307692170143127,0.8557692170143127
27.0,34.94915,3.9781647,31.761934,40.83205,33.981133,88.29302,6.5306773,0.0,0.0,0.0,14.172653,90.861176,118.64141,181.41098,0.6003,0.3602,0.039499998,25.548712,31.744944,0,0.7307692170143127,0.8557692170143127
33.981133,31.111107,1.7474976,30.164137,40.72094,45.94915,96.19689,34.35322,0.0,0.0,0.0,12.380081,87.821655,120.27976,175.29196,0.5965,0.36569998,0.0378,25.814928,31.86065,0,0.7307692170143127,0.8557692170143127
45.94915,39.283333,1.4091263,29.41424,40.10089,57.499996,97.54935,48.844795,0.0,0.0,0.0,12.04171,85.801735,117.331375,174.62573,0.6027,0.359,0.0383,25.352276,31.322315,0,0.7307692170143127,0.8557692170143127
57.499996,40.37288,8.5840225,34.833366,40.07647,43.700005,80.35693,20.289787,0.0,0.0,0.0,18.710457,91.82383,120.88153,175.37297,0.6009,0.36249998,0.036599997,24.85018,30.81878,0,0.7307692170143127,0.8557692170143127
43.700005,34.68965,19.237122,45.3644,41.323597,35.799995,46.26502,26.716215,0.0,1.0635834,9.065437,30.071838,103.59683,132.42436,189.81665,0.59819996,0.3649,0.0369,25.503628,31.3681,0,0.7307692170143127,0.8557692170143127
35.799995,33.87931,32.59877,58.247303,42.74576,29.355927,11.04664,98.41753,0.0,14.425232,21.72374,42.80368,118.82953,147.3137,210.39742,0.5977,0.363,0.0393,25.436306,31.665283,0,0.7307692170143127,0.8557692170143127
29.355927,36.32203,48.17002,73.4607,42.10549,34.033325,41.537804,115.84932,5.9530387,29.996483,37.71717,58.89506,132.5549,162.55328,218.67621,0.60319996,0.35799998,0.038799997,25.230036,31.26239,0,0.7307692170143127,0.8557692170143127
34.033325,50.783325,57.744064,83.357025,43.42958,52.216667,10.585504,59.636818,16.482496,39.70514,47.291214,67.75807,143.2834,175.0929,234.1318,0.60719997,0.35459998,0.0382,25.604841,31.568155,0,0.7307692170143127,0.8557692170143127
52.216667,63.116665,60.97478,86.64176,43.448215,65.40678,6.776049,32.466034,20.10704,43.69611,50.783745,71.10121,145.9743,176.6266,241.10324,0.6031,0.3599,0.037,25.659937,31.496874,0,0.7307692170143127,0.8557692170143127
65.40678,70.51666,54.562424,80.20191,42.641018,70.51666,22.624779,13.734696,13.559337,37.283752,44.39074,65.12958,140.21501,169.91768,226.71407,0.6044,0.3599,0.0357,25.62014,31.376581,0,0.7307692170143127,0.8557692170143127
70.51666,62.59322,40.504448,66.633896,43.38649,70.416664,42.47889,5.3719788,0.0,22.465523,29.79026,51.0716,127.951355,158.27525,218.1306,0.6002,0.364,0.0358,26.032124,31.929878,0,0.7307692170143127,0.8557692170143127
70.416664,45.766663,26.945847,52.971848,42.24742,50.783325,46.93958,4.3095293,0.0,8.906921,16.774162,37.40265,113.078026,141.79105,200.16264,0.6002,0.3631,0.0367,25.671068,31.594814,0,0.7307692170143127,0.8557692170143127
50.783325,28.366661,19.39627,46.28398,42.52994,34.266663,43.39609,35.07,0.0,2.204361,8.682083,29.963425,107.29121,135.25214,194.94833,0.593,0.371,0.036,26.321115,32.18615,0,0.7307692170143127,0.8557692170143127
34.266663,15.316658,18.517616,44.49765,41.868835,18.683327,0.8869429,138.16771,0.0,0.34122467,7.8034286,28.69088,104.21269,131.93802,191.78049,0.6024,0.3572,0.0404,25.27871,31.485594,0,0.7307692170143127,0.8557692170143127
18.683327,10.21666,7.2064133,33.947212,41.33185,10.083328,28.531403,236.66673,0.0,0.0,0.0,16.849182,92.827545,123.589096,184.1688,0.6046,0.3565,0.0389,25.052021,31.257927,0,0.7307692170143127,0.8557692170143127
10.083328,4.533325,-1.7371826,27.43563,40.402637,5.7999954,129.95145,373.0285,0.0,0.0,0.0,8.71962,84.212036,115.951485,181.90022,0.6001,0.3622,0.037699997,25.706678,31.681456,0,0.7307692170143127,0.8557692170143127
5.7999954,2.9166565,-4.9221115,24.87948,38.831787,4.5,209.38025,452.87732,0.0,0.0,0.0,5.272377,80.192276,110.190895,169.68175,0.602,0.3602,0.0378,25.3055,31.297712,0,0.7307692170143127,0.8557692170143127
4.5,2.0999985,-7.1157074,23.64446,38.411182,2.649994,368.51788,792.24585,0.0,0.0,0.0,3.0787811,77.09573,107.417145,167.05634,0.6031,0.3588,0.0381,25.402555,31.443087,0,0.7307692170143127,0.8557692170143127
2.649994,3.7166672,-9.249779,22.646685,37.742924,2.300003,502.16376,884.63715,0.0,0.0,0.0,1.3828049,76.36262,105.48393,167.538,0.5969,0.3671,0.036,25.7716,31.542225,0,0.7307692170143127,0.8557692170143127
2.300003,2.5999985,-11.750465,21.59069,37.79916,2.2499924,622.2447,859.5895,0.0,0.0,0.0,0.0,74.668686,104.91834,164.69405,0.59929997,0.361,0.039699998,25.58863,31.890318,0,0.7307692170143127,0.8557692170143127
2.2499924,6.449997,-13.07177,20.452503,36.84256,9.683334,234.99243,111.21343,0.0,0.0,0.0,0.0,71.94466,102.63156,165.24272,0.6082,0.3527,0.0391,25.13371,31.305305,0,0.7307692170143127,0.8557692170143127
9.683334,11.383324,-12.502617,20.386084,36.556515,14.299995,187.43092,42.56007,0.0,0.0,0.0,0.0,71.40873,102.339554,159.11546,0.6124,0.3504,0.0372,24.839298,30.883852,0,0.7307692170143127,0.8557692170143127
14.299995,16.666664,-11.288399,21.671572,37.293076,20.649994,154.66539,4.9471097,0.0,0.0,0.0,0.0,75.35662,104.23194,159.28314,0.5962,0.3658,0.038,25.639936,31.71901,0,0.7307692170143127,0.8557692170143127
20.649994,27.0,-5.155182,24.837511,38.31556,47.533333,110.8454,47.74717,0.0,0.0,0.0,5.411972,80.49461,108.601776,165.74525,0.5991,0.3635,0.0374,25.506023,31.366186,0,0.7307692170143127,0.8557692170143127
47.533333,33.981133,0.59993744,29.795443,40.797512,49.966103,98.79931,40.368687,0.0,0.0,0.0,11.434654,89.13622,116.50031,179.5814,0.5933,0.37129998,0.0354,26.436243,32.240925,0,0.7307692170143127,0.8557692170143127
49.966103,45.94915,5.6824646,33.171646,41.35456,60.10909,90.54641,44.81426,0.0,0.0,0.0,15.808899,92.32777,121.67483,181.35463,0.6046,0.35639998,0.039,25.56288,31.725937,0,0.7307692170143127,0.8557692170143127
60.10909,57.499996,5.473625,32.615818,41.449398,104.25,94.74952,68.71385,0.0,0.0,0.0,15.6000595,90.94163,122.62025,181.20596,0.6074,0.3541,0.0385,25.2149,31.327005,0,0.7307692170143127,0.8557692170143127
104.25,43.700005,13.888557,39.8777,41.140705,70.299995,80.24387,43.27496,0.0,0.0,3.435707,24.048431,99.52739,128.0212,185.15132,0.60469997,0.3563,0.039,25.064209,31.063612,0,0.7307692170143127,0.8557692170143127
70.299995,35.799995,25.76242,51.90175,42.326977,53.75,52.069916,3.4386072,0.0,7.586029,15.048233,35.95691,110.91159,141.49075,199.91277,0.5922,0.3676,0.0402,25.720957,31.837168,0,0.7307692170143127,0.8557692170143127
53.75,29.355927,40.118446,65.82696,42.269707,52.966103,24.256374,24.281294,0.0,22.072792,29.665596,50.843487,124.51191,155.5675,212.71419,0.5961,0.3656,0.0383,25.568071,31.595201,0,0.7307692170143127,0.8557692170143127
52.966103,34.033325,63.697376,89.42848,43.385536,54.61667,16.626257,63.73844,22.052082,45.65845,53.33211,74.26453,151.77962,181.80344,242.90509,0.60469997,0.3581,0.0372,25.727753,31.688269,0,0.7307692170143127,0.8557692170143127
54.61667,52.216667,75.656876,100.96026,42.130756,85.51785,11.530899,18.057522,33.66437,57.483337,65.204025,86.28946,159.56529,188.91556,246.4774,0.594,0.36679998,0.0392,25.303381,31.30913,0,0.7307692170143127,0.8557692170143127
85.51785,65.40678,78.762314,104.782394,43.120266,124.76666,36.87231,16.017315,38.692654,61.483643,68.57127,89.60147,165.76843,195.41522,251.87086,0.5959,0.3672,0.0369,26.020086,31.810724,0,0.7307692170143127,0.8557692170143127
124.76666,70.51666,72.5679,97.52481,42.39287,127.63333,43.143456,23.589857,30.361391,54.528976,62.11505,82.60718,157.56364,185.52475,246.69308,0.6052,0.3568,0.038,24.95622,30.96955,0,0.7307692170143127,0.8557692170143127
127.63333,70.416664,59.253784,84.86574,43.216507,125.25,52.69159,32.242924,15.74958,40.80478,48.539597,69.458694,145.27884,176.72247,236.13084,0.59779996,0.3622,0.04,25.60502,31.797281,0,0.7307692170143127,0.8557692170143127
125.25,50.783325,42.87639,68.07869,42.066826,97.399994,55.97907,30.104012,1.7076724,25.559713,32.1622,53.070877,126.86205,155.43494,215.94502,0.60249996,0.3602,0.037299998,25.115894,31.15778,0,0.7307692170143127,0.8557692170143127
97.399994,34.266663,34.535362,60.754494,42.815544,51.88333,33.436497,17.09829,0.0,17.256691,24.170097,44.992165,122.5842,153.49062,206.06009,0.6016,0.36389998,0.0345,26.044619,31.85175,0,0.7307692170143127,0.8557692170143127
51.88333,18.683327,24.682137,51.040188,42.902008,23.25,6.159727,119.52769,0.0,6.5085983,14.316872,35.31472,113.02711,143.75233,200.88986,0.601,0.35889998,0.0401,25.906721,31.969545,0,0.7307692170143127,0.8557692170143127
23.25,10.083328,13.64444,39.669518,40.947495,16.48333,17.222795,140.66447,0.0,0.0,3.2791748,23.838928,97.05689,126.43856,183.67616,0.6016,0.362,0.036399998,25.09624,31.02253,0,0.7307692170143127,0.8557692170143127
16.48333,5.7999954,13.13858,39.140007,41.5979,7.416664,77.14946,427.73062,0.0,0.0,2.5146637,23.281734,98.463936,126.82857,185.46432,0.6087,0.3536,0.037699997,25.000862,31.05159,0,0.7307692170143127,0.8557692170143127
7.416664,4.5,12.043861,38.274338,41.189457,4.75,153.55498,705.7756,0.0,0.0,1.1688309,22.500664,96.09897,126.6511,187.59119,0.5981,0.3612,0.0407,25.054567,31.37713,0,0.7307692170143127,0.8557692170143127
4.75,2.649994,3.7356186,30.557625,40.445297,3.7999954,1.6941292,704.149,0.0,0.0,0.0,13.5640335,87.19903,116.818886,181.82965,0.60719997,0.3502,0.0426,24.448051,30.91613,0,0.7307692170143127,0.8557692170143127
3.7999954,2.300003,-3.923851,26.657368,40.172897,2.8166656,239.30838,846.41583,0.0,0.0,0.0,6.929039,85.61919,115.654785,173.23865,0.59389997,0.3682,0.0379,26.538864,32.357925,0,0.7307692170143127,0.8557692170143127
2.8166656,2.2499924,-4.6435547,26.111826,39.542248,3.2333298,243.61525,707.5831,0.0,0.0,0.0,6.2093353,82.42121,112.16633,170.21709,0.5926,0.37129998,0.0361,26.475006,32.295662,0,0.7307692170143127,0.8557692170143127
3.2333298,9.683334,-1.2528381,27.532827,39.69206,10.283333,112.18319,167.74225,0.0,0.0,0.0,8.873596,85.50882,114.52311,169.28284,0.601,0.3592,0.0398,25.37834,31.517893,0,0.7307692170143127,0.8557692170143127
10.283333,14.299995,1.973259,30.119926,40.52135,12.849998,84.6439,134.39633,0.0,0.0,0.0,12.819283,87.10311,117.78222,178.8792,0.5955,0.36659998,0.0379,25.592724,31.624249,0,0.7307692170143127,0.8557692170143127
12.849998,20.649994,22.125,48.724194,43.01229,16.866669,31.175873,188.87859,0.0,3.9514618,11.759735,32.298264,110.01597,140.23961,198.26395,0.5976,0.3628,0.0396,26.072834,32.162174,0,0.7307692170143127,0.8557692170143127
16.866669,47.533333,39.19786,64.55254,42.514347,23.649994,65.74152,172.94952,0.0,21.024323,28.74501,49.654663,124.13414,154.77484,213.57344,0.6019,0.359,0.0391,25.236422,31.347246,0,0.7307692170143127,0.8557692170143127
23.649994,49.966103,72.11719,98.20675,42.995445,35.18519,104.96462,179.11389,30.095478,53.94365,61.92615,82.954124,159.22235,186.08879,247.97636,0.5938,0.3689,0.037299998,26.08908,31.946762,0,0.7307692170143127,0.8557692170143127
35.18519,60.10909,94.69122,120.14921,42.691936,40.881355,131.62447,193.89732,52.87627,77.60736,84.51954,105.25838,180.54903,208.99387,267.05258,0.6059,0.3601,0.033999998,25.457973,31.245193,0,0.7307692170143127,0.8557692170143127
40.881355,104.25,102.43696,127.94991,42.98388,49.73333,105.97246,157.27196,60.946304,84.26342,91.98411,113.06954,189.16766,219.49066,277.83768,0.6028,0.3581,0.0391,25.512955,31.528574,0,0.7307692170143127,0.8557692170143127
49.73333,70.299995,74.210236,99.82641,42.896732,44.783333,65.709496,122.90974,33.49926,57.01399,64.047714,84.93527,159.50694,189.81853,250.5641,0.6002,0.3629,0.0369,25.616173,31.428719,0,0.7307692170143127,0.8557692170143127
44.783333,53.75,79.24256,104.59701,42.680016,34.98333,126.51521,198.991,39.56167,61.96389,68.52837,89.875145,165.21269,194.62267,251.60841,0.60139996,0.3619,0.0367,25.354433,31.282234,0,0.7307692170143127,0.8557692170143127
34.98333,52.966103,93.23384,118.5093,42.18218,36.677963,154.1958,223.10765,52.712276,75.194916,83.24513,103.92436,177.05736,207.82764,266.4135,0.60499996,0.3568,0.0382,25.275455,31.099146,0,0.7307692170143127,0.8557692170143127
36.677963,54.61667,127.9918,153.26817,42.82566,56.48333,126.60101,171.35117,84.93001,109.81826,117.27747,138.11823,212.71614,242.73709,299.25787,0.5992,0.3613,0.039499998,25.276382,31.41265,0,0.7307692170143127,0.8557692170143127
56.48333,85.51785,148.9684,174.95435,42.64992,76.35,95.11251,129.1478,108.97143,131.77649,138.60313,159.82129,235.84792,265.67285,319.35104,0.6013,0.36409998,0.0346,25.985933,31.721222,0,0.7307692170143127,0.8557692170143127
76.35,124.76666,157.88666,183.53801,42.471287,105.33333,49.892406,74.24495,116.746475,140.60799,147.4338,168.48653,243.5166,272.08286,329.2518,0.5951,0.3676,0.037299998,25.651352,31.633598,0,0.7307692170143127,0.8557692170143127
105.33333,127.63333,150.62982,175.68788,42.28252,114.799995,31.210651,53.038227,108.69134,133.35115,140.0059,160.96068,233.53804,264.2282,323.64673,0.6037,0.3602,0.0361,25.058075,31.079487,0,0.7307692170143127,0.8557692170143127
114.799995,125.25,126.78774,152.9003,43.26208,122.066666,3.8676217,25.259668,85.243484,108.74882,116.42248,137.4493,213.38626,245.60362,300.04178,0.5967,0.3651,0.0382,26.112572,31.987843,0,0.7307692170143127,0.8557692170143127
122.066666,97.399994,87.818565,112.90232,42.044434,107.0,17.926575,5.5161877,48.458916,70.539894,77.365715,98.023476,171.5146,201.2281,258.82858,0.6026,0.36139998,0.036,25.083754,31.017946,0,0.7307692170143127,0.8557692170143127
107.0,51.88333,54.3667,79.78917,42.332527,79.830505,31.897339,0.051779777,13.113276,36.190308,44.001434,64.57161,140.33792,169.35536,222.19232,0.5994,0.3617,0.0389,25.408972,31.342253,0,0.7307692170143127,0.8557692170143127
79.830505,23.25,38.75624,64.43367,42.87261,38.33333,1.1032504,68.08786,0.0,20.582703,27.88121,49.213043,125.205025,157.5648,211.33862,0.59959996,0.3631,0.037299998,25.57482,31.646025,0,0.7307692170143127,0.8557692170143127
38.33333,16.48333,36.00138,61.909622,42.85982,28.799995,25.004816,114.964,0.0,17.962456,25.636116,46.60125,121.962364,151.71313,211.82716,0.6004,0.3626,0.037,25.732172,31.730955,0,0.7307692170143127,0.8557692170143127
28.799995,7.416664,33.859947,59.946987,43.341812,13.4166565,152.37247,346.81018,0.0,16.581276,23.145622,44.190804,120.68634,149.538,213.28009,0.59999996,0.3627,0.037299998,25.880295,31.953547,0,0.7307692170143127,0.8557692170143127
13.4166565,4.75,31.482956,57.26706,42.406616,9.333328,237.31757,513.576,0.0,14.204285,21.311272,42.05011,115.927414,148.55382,206.26678,0.60289997,0.36139998,0.0357,25.5261,31.369371,0,0.7307692170143127,0.8557692170143127
9.333328,3.7999954,31.01976,56.323025,42.84368,5.1333313,504.28128,997.2022,0.0,12.846222,20.283424,40.67736,116.58613,146.90033,205.97284,0.6048,0.3554,0.0398,25.032742,31.300758,0,0.7307692170143127,0.8557692170143127
5.1333313,2.8166656,27.427574,53.236485,42.39082,3.9666672,591.45135,1242.0961,0.0,10.148903,17.06231,37.55401,113.47475,144.18114,199.9029,0.6046,0.3593,0.0361,25.439522,31.44558,0,0.7307692170143127,0.8557692170143127
3.9666672,3.2333298,21.825851,48.65722,42.870987,5.6999893,282.9104,753.637,0.0,4.54718,11.66333,32.67874,110.39803,140.08199,196.60632,0.59419996,0.36789998,0.0379,26.343637,32.131184,0,0.7307692170143127,0.8557692170143127
5.6999893,10.283333,16.814056,43.04401,42.055004,10.383324,61.93328,314.54944,0.0,0.0,6.099869,26.98732,102.820786,133.07861,189.42592,0.6053,0.3584,0.0363,25.53502,31.529837,0,0.7307692170143127,0.8557692170143127
10.383324,12.849998,10.223152,37.446087,42.144054,28.400002,64.00298,31.852413,0.0,0.0,0.0,20.948193,97.130775,127.09033,191.53586,0.5895,0.36969998,0.040799998,25.85897,32.115826,0,0.7307692170143127,0.8557692170143127
28.400002,16.866669,3.5276108,31.754206,40.601105,46.199997,92.36448,31.26795,0.0,0.0,0.0,14.385422,89.1468,118.20134,179.7897,0.59029996,0.37219998,0.037499998,26.068645,31.891212,0,0.7307692170143127,0.8557692170143127
46.199997,23.649994,-1.4002609,27.904806,40.116676,47.872726,102.924965,41.71043,0.0,0.0,0.0,9.3247795,85.42563,114.034485,173.61467,0.6005,0.3653,0.034199998,26.097118,31.772552,0,0.7307692170143127,0.8557692170143127
47.872726,35.18519,-9.627281,22.236473,37.807644,55.416664,117.372536,59.874035,0.0,0.0,0.0,0.5325928,76.84782,106.24463,159.8278,0.6042,0.3599,0.0359,25.324234,31.348892,0,0.7307692170143127,0.8557692170143127
55.416664,40.881355,7.2763977,34.059925,40.672157,56.43103,87.10568,39.64327,0.0,0.0,0.0,17.359253,92.05858,121.32921,179.79707,0.6038,0.359,0.0372,25.186586,31.127762,0,0.7307692170143127,0.8557692170143127
56.43103,49.73333,41.764748,66.73716,41.828465,62.516663,33.194214,6.7509956,0.34249032,23.725822,31.05056,51.93801,124.81359,154.18199,213.37305,0.6031,0.3595,0.0374,24.877104,30.869719,0,0.7307692170143127,0.8557692170143127
62.516663,44.783333,79.33855,104.96307,43.708366,67.01666,18.3863,56.62235,37.398357,62.059875,68.62422,89.481705,166.51642,198.88298,257.1439,0.6045,0.3585,0.037,25.624527,31.752424,0,0.7307692170143127,0.8557692170143127
67.01666,34.98333,86.83238,112.894424,42.96075,62.666664,38.562317,80.15068,44.476402,69.64047,76.6607,97.6671,172.90427,202.44733,261.50803,0.59139997,0.3705,0.0381,26.062035,31.96341,0,0.7307692170143127,0.8557692170143127
62.666664,36.677963,117.0959,143.40997,43.976654,58.94915,98.638824,143.27742,78.6518,99.81723,106.64305,127.93062,204.71695,234.57776,297.9088,0.6005,0.3644,0.035099998,26.314074,32.158348,0,0.7307692170143127,0.8557692170143127
58.94915,56.48333,158.16621,183.59473,42.63218,64.77586,144.1746,183.43077,116.99006,140.12729,147.5423,168.33948,243.23895,272.66354,328.92676,0.6002,0.36159998,0.0382,25.428524,31.406336,0,0.7307692170143127,0.8557692170143127
64.77586,76.35,160.00104,185.82617,42.829536,63.933334,150.26231,190.65616,119.430885,142.80913,149.97974,170.85393,245.44786,275.76343,335.37366,0.5984,0.3651,0.0365,25.825134,31.544462,0,0.7307692170143127,0.8557692170143127
63.933334,105.33333,153.97768,179.36693,42.955505,67.899994,126.77127,164.16339,111.72278,136.699,143.35376,164.13754,240.57793,270.27753,327.7375,0.6059,0.35639998,0.037699997,25.389261,31.354637,0,0.7307692170143127,0.8557692170143127
67.899994,114.799995,150.99101,176.6899,43.1261,76.86667,96.432365,129.86543,109.78612,131.77031,140.27669,161.44781,238.36084,267.72284,323.26218,0.5938,0.3651,0.0411,25.698885,31.932186,0,0.7307692170143127,0.8557692170143127
76.86667,122.066666,141.07196,166.49695,42.32766,82.75,70.479706,101.20477,99.04293,123.79329,130.90944,151.27687,225.36938,254.20749,312.34247,0.59889996,0.36479998,0.0363,25.42499,31.391361,0,0.7307692170143127,0.8557692170143127
82.75,107.0,105.37121,130.65778,42.95777,91.48333,15.180776,42.821404,63.483856,86.150505,94.49618,115.51436,190.98596,220.02689,280.15652,0.5987,0.35959998,0.041699998,25.286564,31.479437,0,0.7307692170143127,0.8557692170143127
91.48333,79.830505,62.88083,88.74229,43.01974,76.83333,18.159435,15.49973,20.331654,44.841904,52.515564,73.51341,150.03255,180.243,236.76248,0.597,0.3635,0.039499998,25.857464,31.766087,0,0.7307692170143127,0.8557692170143127
76.83333,38.33333,35.451454,61.48002,43.66834,52.5,32.47342,17.104797,0.0,18.259544,24.576424,45.61133,122.6857,153.12088,215.60443,0.6005,0.3633,0.036199998,25.865751,31.92614,0,0.7307692170143127,0.8557692170143127
52.5,28.799995,28.461845,54.29876,42.35163,35.649994,20.163113,52.31071,0.0,10.416191,17.747658,39.029,113.41535,142.69687,205.37387,0.59929997,0.3627,0.038,25.518084,31.531565,0,0.7307692170143127,0.8557692170143127
35.649994,13.4166565,25.058464,50.240177,41.17415,21.016663,19.231415,139.04927,0.0,7.019539,14.693199,35.1849,108.20586,140.22206,190.68437,0.6066,0.3559,0.037499998,24.802383,30.694843,0,0.7307692170143127,0.8557692170143127
21.016663,9.333328,24.136559,49.83151,41.721294,11.73333,105.70937,324.70047,0.0,6.8578873,13.512642,34.971275,107.117966,137.6686,199.74066,0.601,0.3637,0.035299998,25.27965,31.176931,0,0.7307692170143127,0.8557692170143127
11.73333,5.1333313,23.43927,48.759487,42.113895,6.566658,256.94366,642.53125,0.0,5.265732,12.724945,33.453278,107.81059,138.55197,199.62114,0.6078,0.3543,0.0379,24.845009,31.017698,0,0.7307692170143127,0.8557692170143127
6.566658,3.9666672,21.293198,47.819206,42.856594,5.916664,259.8852,708.2123,0.0,4.0145264,10.57901,32.073074,109.317276,138.1611,198.0354,0.5992,0.3637,0.0371,26.026253,31.960718,0,0.7307692170143127,0.8557692170143127
5.916664,5.6999893,15.219063,41.774986,42.210236,5.3833313,182.70715,676.0062,0.0,0.0,4.853798,25.378937,101.73605,131.69235,193.70416,0.6058,0.3581,0.0361,25.723497,31.606695,0,0.7307692170143127,0.8557692170143127
5.3833313,10.383324,15.280991,41.967506,41.951744,9.016663,69.47502,365.4439,0.0,0.0,4.9157257,26.115707,101.33449,131.2653,189.6679,0.5977,0.3655,0.0368,25.865139,31.832523,0,0.7307692170143127,0.8557692170143127
9.016663,28.400002,20.583755,46.750706,42.320415,27.900002,26.223103,67.56525,0.0,2.1347504,9.708725,31.15091,105.72114,137.17976,196.80823,0.5906,0.3678,0.0416,25.558975,31.8282,0,0.7307692170143127,0.8557692170143127
27.900002,46.199997,17.859016,43.584187,41.390724,44.5,59.867374,2.0580077,0.0,0.0,7.144829,27.873024,102.56964,130.59303,189.12564,0.6081,0.3554,0.0365,25.029192,31.033943,0,0.7307692170143127,0.8557692170143127
44.5,47.872726,14.935043,42.185837,42.372654,52.666664,71.64232,19.900305,0.0,0.0,4.482193,25.447021,103.48549,132.04666,191.39537,0.59139997,0.3751,0.0335,26.476606,32.25333,0,0.7307692170143127,0.8557692170143127
52.666664,55.416664,20.834953,47.114037,41.79035,60.166664,65.37127,21.694118,0.0,3.7456899,10.382103,31.467537,106.96097,135.93639,187.98491,0.5956,0.36769998,0.0367,25.721079,31.642672,0,0.7307692170143127,0.8557692170143127
60.166664,56.43103,30.44033,56.896587,43.156174,62.033333,50.929077,8.280622,0.0,12.263939,19.726143,41.286354,117.86347,148.37459,202.84344,0.59279996,0.36839998,0.038799997,26.191545,32.316906,0,0.7307692170143127,0.8557692170143127
62.033333,62.516663,57.64662,82.506584,42.483803,65.94545,12.584384,25.113386,17.144686,39.472942,46.77159,67.806496,142.60757,171.44153,232.31543,0.6042,0.35639998,0.0394,24.852598,31.00573,0,0.7307692170143127,0.8557692170143127
65.94545,67.01666,90.70054,116.64239,43.309322,65.066666,39.39632,79.26597,47.908257,72.52415,79.98635,101.33312,177.11833,208.08456,266.64185,0.5925,0.3673,0.0402,25.941849,32.06299,0,0.7307692170143127,0.8557692170143127
65.066666,62.666664,109.268265,134.40205,43.05679,59.93333,82.31636,124.252594,65.956436,90.04756,98.393234,119.30754,195.23581,226.23831,283.85583,0.5999,0.35779998,0.0423,25.133793,31.45498,0,0.7307692170143127,0.8557692170143127
59.93333,58.94915,119.24828,143.97551,42.178936,62.716663,90.13812,129.56502,76.83576,101.0746,108.534096,129.40816,202.67853,231.62218,288.0118,0.6085,0.3525,0.039,24.727236,30.868647,0,0.7307692170143127,0.8557692170143127
62.716663,64.77586,133.01712,159.13719,43.57601,60.11666,121.264984,164.71396,92.050964,114.978195,122.6431,143.58427,220.74664,251.99585,308.74673,0.6005,0.36229998,0.0372,26.120083,32.03139,0,0.7307692170143127,0.8557692170143127
60.11666,63.933334,144.0729,169.6785,42.640717,55.699997,158.65874,204.62927,102.892365,125.89922,133.35872,154.70549,230.78267,259.82245,315.2949,0.5984,0.36139998,0.0402,25.605608,31.66492,0,0.7307692170143127,0.8557692170143127
55.699997,67.899994,137.01825,162.22375,42.414776,57.78333,137.12419,180.74492,94.30134,118.569244,126.28191,147.65083,220.7577,249.5145,309.17764,0.5974,0.3628,0.0398,25.205526,31.428093,0,0.7307692170143127,0.8557692170143127
57.78333,76.86667,107.29497,132.347,42.24089,58.616665,83.04516,125.783905,68.08473,90.211105,96.9297,117.33424,190.89804,221.27808,278.60583,0.6066,0.35729998,0.0361,25.052036,30.926205,0,0.7307692170143127,0.8557692170143127
58.616665,82.75,88.999985,114.35734,42.63267,53.830505,65.33373,112.43966,47.85101,70.82645,78.8283,99.45679,172.85081,203.20197,266.31287,0.604,0.3576,0.038399998,25.357353,31.185513,0,0.7307692170143127,0.8557692170143127
53.830505,91.48333,75.81474,101.61792,42.968716,47.316666,60.228413,114.761375,35.763165,58.53607,65.44948,86.505264,161.08594,191.95854,250.8541,0.6002,0.3624,0.0374,25.803171,31.665937,0,0.7307692170143127,0.8557692170143127
47.316666,76.83333,52.584763,78.396965,43.47114,40.63333,29.412874,92.93758,11.3099985,35.392853,41.960846,63.041565,138.77095,170.27663,231.04124,0.6009,0.364,0.035099998,25.787355,31.721321,0,0.7307692170143127,0.8557692170143127
40.63333,52.5,31.566536,58.013954,42.73486,27.933327,13.006719,107.68723,0.0,13.527611,21.404015,42.405693,118.59218,148.50847,207.366,0.5905,0.3708,0.0387,26.202723,32.037502,0,0.7307692170143127,0.8557692170143127
27.933327,35.649994,22.256416,47.631805,41.46677,16.899994,31.694817,181.84511,0.0,4.0827355,11.520081,32.41629,107.16764,134.64867,191.25415,0.603,0.35689998,0.0401,24.869596,31.029158,0,0.7307692170143127,0.8557692170143127
16.899994,21.016663,16.237793,42.639038,41.99286,11.249992,44.336037,279.01392,0.0,0.0,6.0661087,26.804947,99.776054,128.96959,194.38226,0.5994,0.36409998,0.0365,25.671564,31.487867,0,0.7307692170143127,0.8557692170143127
11.249992,11.73333,16.019058,42.13765,41.88631,7.783333,105.812325,441.38312,0.0,0.0,5.3047333,26.178932,101.33757,130.61229,188.83122,0.60069996,0.3612,0.0381,25.337173,31.389519,0,0.7307692170143127,0.8557692170143127
7.783333,6.566658,14.275024,40.747925,42.228962,4.216667,238.5381,866.3538,0.0,0.0,3.6511078,24.469513,100.60948,130.76878,191.58409,0.6045,0.35729998,0.0382,25.534529,31.554274,0,0.7307692170143127,0.8557692170143127
4.216667,5.916664,10.576759,37.631153,41.265903,3.5166626,200.76128,970.0814,0.0,0.0,0.0,21.356638,98.11984,126.67288,181.08765,0.59599996,0.3651,0.0389,25.795195,31.879427,0,0.7307692170143127,0.8557692170143127
3.5166626,5.3833313,5.4227676,32.68894,40.929703,2.9333344,84.86701,1014.39526,0.0,0.0,0.0,15.462044,90.67998,120.6264,181.43001,0.60249996,0.3602,0.037299998,25.390394,31.291096,0,0.7307692170143127,0.8557692170143127
2.9333344,9.016663,10.360374,37.60317,41.7013,8.199997,26.346075,358.57538,0.0,0.0,0.18869019,21.050896,97.77673,126.34484,186.68501,0.5962,0.3671,0.0367,26.033445,31.851555,0,0.7307692170143127,0.8557692170143127
8.199997,27.900002,15.869141,42.03315,42.034542,13.216667,20.069155,218.03139,0.0,0.0,5.4162903,26.06363,101.46624,131.21823,189.66751,0.6095,0.3533,0.0372,25.389545,31.34723,0,0.7307692170143127,0.8557692170143127
13.216667,44.5,20.292793,46.357494,42.335644,23.566666,13.891962,96.7079,0.0,1.8437881,9.578468,30.497704,105.924034,137.12862,198.26709,0.5997,0.35909998,0.0412,25.444118,31.678719,0,0.7307692170143127,0.8557692170143127
23.566666,52.666664,22.75682,48.346237,41.753906,28.316666,19.634533,70.734215,0.0,5.4781494,12.594299,32.883255,106.96263,137.65314,195.86533,0.607,0.3574,0.0356,25.117489,31.00579,0,0.7307692170143127,0.8557692170143127
28.316666,60.166664,30.031815,55.137463,41.772984,32.086205,6.4027205,71.841644,0.0,11.858276,19.156784,40.19169,114.54938,143.26984,202.17693,0.6005,0.3595,0.04,24.797598,31.109539,0,0.7307692170143127,0.8557692170143127
32.086205,62.033333,37.1989,63.28361,42.58541,32.71698,13.6990595,93.42743,0.0,19.02536,26.746048,47.88942,125.32514,155.07138,207.81268,0.5961,0.36699998,0.0369,25.960894,31.82835,0,0.7307692170143127,0.8557692170143127
32.71698,65.94545,42.270813,67.51456,42.33151,40.999992,3.099563,64.66968,1.5171422,24.954138,32.09913,52.475723,126.21587,156.88007,219.94987,0.60929996,0.3549,0.0358,25.16095,31.03418,0,0.7307692170143127,0.8557692170143127
40.999992,65.066666,44.122147,69.98236,43.07954,34.48333,27.952105,102.94548,4.557665,27.038284,33.49823,54.29541,131.9195,162.70242,216.58653,0.6107,0.3545,0.0348,25.798588,31.672459,0,0.7307692170143127,0.8557692170143127
34.48333,59.93333,45.468178,71.32495,42.562004,25.23333,80.190956,182.66167,4.5481353,28.189507,35.09416,56.43598,130.77654,161.29074,218.07744,0.5994,0.36389998,0.0367,25.801102,31.68798,0,0.7307692170143127,0.8557692170143127
25.23333,62.716663,45.13392,71.232506,43.149204,32.11666,40.531166,121.793,5.2668715,27.855247,34.768654,55.59072,131.89832,161.32262,225.43568,0.59999996,0.36569998,0.0343,26.046955,31.814714,0,0.7307692170143127,0.8557692170143127
32.11666,60.11666,40.41603,66.0273,42.351727,32.283325,25.191662,104.52447,0.3393673,22.242493,29.792114,50.62094,125.93791,155.2987,207.23317,0.5949,0.3655,0.0396,25.509026,31.561127,0,0.7307692170143127,0.8557692170143127
32.283325,55.699997,36.703568,62.052124,41.717422,45.568962,19.454897,36.171906,0.0,19.619705,26.714859,46.786423,121.926575,150.18465,204.62071,0.6116,0.3559,0.0325,25.22179,30.805628,0,0.7307692170143127,0.8557692170143127
45.568962,57.78333,35.21579,60.64144,42.740246,56.118645,37.247612,8.059347,0.0,17.042252,24.479454,45.229797,122.23211,152.74094,205.74962,0.6048,0.35529998,0.039899997,25.237005,31.408478,0,0.7307692170143127,0.8557692170143127
56.118645,58.616665,32.253235,57.899635,42.478836,66.76666,51.692604,13.280622,0.0,14.936561,21.629318,42.37967,117.82662,148.54955,204.81723,0.5995,0.36229998,0.0382,25.400679,31.42853,0,0.7307692170143127,0.8557692170143127
66.76666,53.830505,26.804497,52.727036,42.108303,58.88333,54.478634,10.455074,0.0,9.612587,16.641975,36.97776,111.43462,140.7861,202.08598,0.6042,0.35979998,0.036,25.586346,31.33198,0,0.7307692170143127,0.8557692170143127
58.88333,47.316666,21.632568,47.548985,42.032192,37.916664,42.947067,25.403923,0.0,3.4561768,10.918381,32.08937,107.56975,138.8096,194.57814,0.59599996,0.3628,0.0412,25.377604,31.459324,0,0.7307692170143127,0.8557692170143127
37.916664,40.63333,17.049698,43.512688,41.62359,24.083336,29.205414,80.6755,0.0,0.0,6.8780136,27.74022,102.91789,131.95197,190.4014,0.6003,0.36569998,0.033999998,25.801636,31.591005,0,0.7307692170143127,0.8557692170143127
166.03333,90.21666,62.29048,87.486626,43.51895,111.5,44.134098,21.53666,20.315647,44.11409,51.576294,72.450356,146.3728,177.99857,246.26819,0.60389996,0.35599998,0.0401,25.187586,31.30414,0,0.7307692170143127,0.8557692170143127
111.5,50.300003,50.73236,76.27787,42.57715,14.533325,249.07608,424.84802,9.242922,33.45369,40.560677,61.364944,136.86095,167.00809,223.6449,0.60069996,0.3608,0.0385,25.51585,31.359367,0,0.7307692170143127,0.8557692170143127
14.533325,31.149994,41.569557,66.65187,42.559155,7.6833267,441.03595,767.4871,0.2229024,23.120552,30.833221,51.764046,126.992134,155.31015,216.4923,0.6051,0.3538,0.0411,24.985395,31.202784,0,0.7307692170143127,0.8557692170143127
7.6833267,17.400002,26.831917,53.35273,43.085567,5.716667,369.3629,833.2838,0.0,8.658379,16.208,37.343895,115.14709,145.1696,202.42267,0.5954,0.3663,0.0383,26.1898,32.171238,0,0.7307692170143127,0.8557692170143127
5.716667,11.966667,16.674225,42.63828,41.41652,6.2666626,166.07823,580.3985,0.0,0.0,5.9599,26.8581,101.0492,129.37929,189.41501,0.5951,0.36479998,0.0401,25.176834,31.360909,0,0.7307692170143127,0.8557692170143127
6.2666626,8.866661,9.11689,35.677826,41.14932,5.333336,70.941605,568.9589,0.0,0.0,0.0,19.3218,94.369934,123.88985,184.98178,0.5951,0.3617,0.043199997,25.006008,31.465412,0,0.7307692170143127,0.8557692170143127
5.333336,11.999992,3.788475,31.235575,39.571976,9.199997,58.820908,239.51724,0.0,0.0,0.0,14.421059,88.48138,117.40044,170.04732,0.5997,0.3617,0.038599998,25.23517,31.338112,0,0.7307692170143127,0.8557692170143127
9.199997,30.800003,9.403267,35.73151,41.209183,30.349998,69.01724,17.731506,0.0,0.0,0.0,19.060867,94.41671,125.142654,180.47813,0.6082,0.3522,0.0396,24.900793,31.1579,0,0.7307692170143127,0.8557692170143127
30.349998,39.633324,20.762772,46.94469,42.5132,46.033333,54.896225,1.9797782,0.0,2.58638,10.048571,31.424324,105.930664,137.6154,198.8107,0.5985,0.3617,0.0398,25.604307,31.715305,0,0.7307692170143127,0.8557692170143127
46.033333,45.050842,51.11846,76.63648,43.116978,67.26666,24.006247,13.929365,10.003195,32.944923,40.382126,61.278336,136.55852,166.18689,228.6709,0.6012,0.35889998,0.039899997,25.485388,31.62769,0,0.7307692170143127,0.8557692170143127
67.26666,104.01695,108.12459,133.8061,42.757385,65.816666,64.28148,103.301254,66.12181,89.9482,97.4104,118.81511,194.6237,223.60889,280.31863,0.5949,0.3654,0.039699998,25.681528,31.792402,0,0.7307692170143127,0.8557692170143127
65.816666,108.61667,121.66321,147.0903,42.21128,66.26315,83.606125,121.97902,83.02804,104.4713,111.29794,132.23036,206.70758,235.98929,288.55457,0.6015,0.36339998,0.035099998,25.427088,31.214117,0,0.7307692170143127,0.8557692170143127
66.26315,115.755554,125.45274,151.1391,42.606506,75.33898,66.51771,100.61208,85.186325,108.17407,115.08748,136.0199,211.05446,241.38309,300.9339,0.5981,0.3656,0.0363,25.686354,31.571842,0,0.7307692170143127,0.8557692170143127
75.33898,193.26666,127.78549,153.09505,42.60477,113.61667,12.470726,34.746994,85.019196,109.74657,117.07117,138.2423,213.6452,242.16345,300.68826,0.59929997,0.3627,0.038,25.309557,31.465593,0,0.7307692170143127,0.8557692170143127
113.61667,123.76666,120.611755,145.68124,42.074715,89.49123,34.774952,62.788296,78.70826,102.43822,109.89757,131.30228,204.40807,233.45859,290.57275,0.5974,0.362,0.040599998,25.06951,31.172474,0,0.7307692170143127,0.8557692170143127
89.49123,81.316666,114.29343,139.89885,42.902508,78.82692,44.99289,77.47598,73.288895,97.014755,103.66951,124.46669,200.79485,230.79759,285.64624,0.6016,0.36049998,0.0379,25.605434,31.591623,0,0.7307692170143127,0.8557692170143127
78.82692,84.666664,144.31342,169.3777,42.084305,91.3,58.065075,85.51774,105.17675,127.034744,133.6895,154.77022,227.89038,255.27739,316.61652,0.60539997,0.3585,0.0361,25.064281,31.040234,0,0.7307692170143127,0.8557692170143127
91.3,90.38333,161.60388,186.75166,42.46866,114.78333,40.790375,62.699287,119.58261,143.4302,150.97997,171.76376,246.42992,276.87537,332.78107,0.59959996,0.3599,0.0405,25.147787,31.291893,0,0.7307692170143127,0.8557692170143127
114.78333,151.78333,180.65906,207.0399,43.43468,181.98148,0.72667736,13.769767,139.4223,163.46715,170.48737,191.34958,268.73508,299.2278,355.00443,0.5979,0.36659998,0.035499997,26.380836,32.117493,0,0.7307692170143127,0.8557692170143127
181.98148,250.75,189.64233,214.9317,42.406815,240.77586,21.236982,10.733702,147.53244,171.60341,179.18948,199.84724,273.1231,303.4325,364.92224,0.5995,0.36319998,0.037299998,25.289352,31.213612,0,0.7307692170143127,0.8557692170143127
240.77586,268.83334,197.24411,222.72722,42.141945,257.14816,23.29554,13.385646,155.0446,179.92743,186.6202,207.96915,282.83356,309.54062,366.71088,0.5923,0.3689,0.038799997,25.483122,31.524624,0,0.7307692170143127,0.8557692170143127
257.14816,260.875,199.5979,225.1769,43.13493,271.81134,26.567486,17.156918,157.54591,182.28122,189.14505,209.79239,285.46945,316.011,373.22394,0.5983,0.36389998,0.0378,25.579008,31.582968,0,0.7307692170143127,0.8557692170143127
271.81134,230.98306,187.58649,213.53604,42.84716,250.81033,25.207832,14.861545,145.90439,169.54756,177.22122,198.4443,273.2645,303.42352,362.18112,0.5959,0.3654,0.0387,25.949577,31.799309,0,0.7307692170143127,0.8557692170143127
250.81033,166.03333,150.53296,175.35266,42.019855,197.63333,23.832201,11.273741,110.49671,133.34105,140.08011,160.57224,234.9511,263.16202,322.41696,0.60929996,0.3542,0.0365,24.8197,30.720587,0,0.7307692170143127,0.8557692170143127
197.63333,111.5,55.091965,81.24844,43.692524,142.26666,61.27556,42.890034,15.618656,38.070374,44.7267,65.54877,142.48878,173.10628,234.35175,0.6027,0.36159998,0.0357,26.148273,31.917467,0,0.7307692170143127,0.8557692170143127
142.26666,14.533325,38.65336,64.24035,42.057896,79.399994,51.318188,19.092754,0.0,21.336683,27.93917,49.492516,123.52614,154.9237,207.43338,0.5992,0.36519998,0.0356,25.459335,31.415136,0,0.7307692170143127,0.8557692170143127
79.399994,7.6833267,36.632217,62.90296,43.432316,43.033325,14.87477,46.172672,0.0,19.353546,26.0083,47.2648,123.74719,155.95755,212.83421,0.59279996,0.3712,0.036,26.118359,32.099724,0,0.7307692170143127,0.8557692170143127
43.033325,5.716667,33.36882,59.035538,42.89349,27.583328,20.974598,114.02615,0.0,15.329895,22.744904,43.528694,119.89068,149.35504,213.70271,0.60469997,0.35889998,0.036399998,25.449053,31.504293,0,0.7307692170143127,0.8557692170143127
27.583328,6.2666626,15.115875,41.438046,42.224213,15.833328,4.531284,161.71405,0.0,0.0,4.4829335,25.299751,100.66458,130.81439,193.83794,0.5981,0.36229998,0.0396,25.470818,31.583471,0,0.7307692170143127,0.8557692170143127
15.833328,5.333336,8.627304,35.368637,41.01146,11.949997,27.804968,195.97192,0.0,0.0,0.0,18.800568,93.72238,123.07584,184.20876,0.6009,0.3615,0.0376,25.297905,31.268896,0,0.7307692170143127,0.8557692170143127
11.949997,9.199997,13.831604,39.766735,41.544243,12.949997,6.807778,207.0791,0.0,0.0,3.081402,23.489204,100.48611,128.78949,183.71854,0.6049,0.3529,0.0422,24.925543,31.212915,0,0.7307692170143127,0.8557692170143127
12.949997,30.349998,28.238945,54.14706,41.809395,37.199997,24.08885,45.556625,0.0,11.047035,18.076424,38.87153,113.668846,141.89102,198.72958,0.60109997,0.36339998,0.035499997,25.633945,31.364084,0,0.7307692170143127,0.8557692170143127
37.199997,46.033333,40.90699,66.97347,42.390236,95.166664,57.01542,29.62507,0.80200493,23.823128,30.735306,51.63203,127.63142,155.14711,213.39229,0.598,0.3663,0.0357,25.976456,31.71094,0,0.7307692170143127,0.8557692170143127
95.166664,67.26666,49.93448,75.25856,42.75976,137.88333,63.78498,45.418667,8.068516,31.895554,39.48163,60.39128,134.20007,164.51627,224.88043,0.60749996,0.3558,0.0367,25.292168,31.316578,0,0.7307692170143127,0.8557692170143127
137.88333,65.816666,79.697556,105.434,42.947598,173.0,53.932045,39.055492,38.931713,61.524017,68.98323,90.42259,166.03217,197.03116,250.92247,0.59459996,0.36789998,0.037499998,25.736452,31.784243,0,0.7307692170143127,0.8557692170143127
173.0,66.26315,122.03696,148.05849,43.151073,179.55357,32.033123,17.540773,80.635124,104.758286,111.58411,132.63683,209.7598,238.5096,293.88608,0.5955,0.3689,0.0356,26.021544,31.983734,0,0.7307692170143127,0.8557692170143127
179.55357,75.33898,158.07935,183.14659,42.727592,201.53333,21.561684,9.123422,115.2644,139.9058,147.45543,168.23923,241.88667,273.965,334.03778,0.6006,0.3603,0.0391,25.067251,31.19683,0,0.7307692170143127,0.8557692170143127
201.53333,113.61667,175.18076,201.1702,42.743183,184.98334,5.2991705,8.750442,133.31363,157.14183,164.7279,186.03365,261.22906,290.10477,348.60953,0.59029996,0.3724,0.037299998,25.989424,31.861916,0,0.7307692170143127,0.8557692170143127
184.98334,89.49123,161.55858,186.72803,41.693325,182.61667,11.531307,2.25136,121.37752,144.2799,150.93466,172.28362,243.67567,274.86652,328.20264,0.5962,0.3683,0.035499997,25.169434,31.02128,0,0.7307692170143127,0.8557692170143127
182.61667,78.82692,173.67563,199.22214,42.742912,169.43103,2.5052073,17.583029,132.29372,156.65092,163.68365,183.87012,258.9602,288.59564,348.84775,0.6053,0.3595,0.0352,25.546513,31.299572,0,0.7307692170143127,0.8557692170143127
169.43103,91.3,196.50885,222.29669,43.030525,178.08334,10.346564,24.827335,154.7715,178.33246,185.77252,207.14143,282.6577,310.62393,374.82184,0.5922,0.36879998,0.039,25.787874,31.916418,0,0.7307692170143127,0.8557692170143127
178.08334,114.78333,215.26959,240.61945,42.322533,179.5,19.92735,34.04983,174.1557,198.07768,204.81674,225.7264,299.66412,328.04782,393.8449,0.601,0.3626,0.036399998,25.349861,31.268099,0,0.7307692170143127,0.8557692170143127
179.5,181.98148,222.73459,248.96907,43.448986,195.96667,13.659421,27.046637,181.42964,205.54268,212.36932,233.30174,311.4625,339.5583,396.9383,0.5961,0.3676,0.0363,26.234488,32.118225,0,0.7307692170143127,0.8557692170143127
195.96667,240.77586,219.01212,244.28534,42.266533,194.66667,12.506221,25.48904,178.5277,200.83572,208.29793,229.2066,303.85803,332.9963,391.34357,0.6028,0.3585,0.0387,25.27323,31.25123,0,0.7307692170143127,0.8557692170143127
194.66667,257.14816,223.33871,248.88307,42.42822,204.15254,9.397959,21.910347,180.39073,205.29979,212.62439,234.17787,309.08618,338.67944,392.07758,0.5949,0.3683,0.0368,25.54437,31.613409,0,0.7307692170143127,0.8557692170143127
204.15254,271.81134,227.47556,252.7184,42.632954,197.25,15.323475,28.120861,187.62538,210.19688,217.0227,237.67004,313.15445,341.326,400.03943,0.60179996,0.3619,0.0363,25.242838,31.171547,0,0.7307692170143127,0.8557692170143127
197.25,250.81033,213.67654,238.9099,42.799747,193.16667,10.617707,23.680704,172.07396,196.39787,203.05263,223.83643,299.91953,330.05426,385.99564,0.60649997,0.35729998,0.036199998,25.233345,31.237955,0,0.7307692170143127,0.8557692170143127
193.16667,197.63333,183.78604,209.30925,42.65456,164.91667,11.44176,26.918188,141.88347,165.60965,173.16212,194.3532,269.415,299.3009,357.3036,0.5963,0.3646,0.0391,25.523205,31.572344,0,0.7307692170143127,0.8557692170143127
