hour,hour_invocation,hour_of_day,day_of_week
20160,163.0,0,0
20161,174.0,1,0
20162,186.0,2,0
20163,150.0,3,0
20164,133.0,4,0
20165,160.0,5,0
20166,116.0,6,0
20167,110.0,7,0
20168,158.0,8,0
20169,150.0,9,0
20170,146.0,10,0
20171,151.0,11,0
20172,150.0,12,0
20173,125.0,13,0
20174,122.0,14,0
20175,133.0,15,0
20176,114.0,16,0
20177,105.0,17,0
20178,84.0,18,0
20179,104.0,19,0
20180,99.0,20,0
20181,111.0,21,0
20182,104.0,22,0
20183,131.0,23,0
20184,100.0,0,1
20185,112.0,1,1
20186,122.0,2,1
20187,122.0,3,1
20188,108.0,4,1
20189,120.0,5,1
20190,120.0,6,1
20191,99.0,7,1
20192,112.0,8,1
20193,127.0,9,1
20194,109.0,10,1
20195,100.0,11,1
20196,101.0,12,1
20197,113.0,13,1
20198,92.0,14,1
20199,116.0,15,1
20200,107.0,16,1
20201,90.0,17,1
20202,112.0,18,1
20203,89.0,19,1
20204,108.0,20,1
20205,83.0,21,1
20206,102.0,22,1
20207,93.0,23,1
20208,94.0,0,2
20209,134.0,1,2
20210,108.0,2,2
20211,89.0,3,2
20212,86.0,4,2
20213,91.0,5,2
20214,103.0,6,2
20215,87.0,7,2
20216,94.0,8,2
20217,106.0,9,2
20218,91.0,10,2
20219,72.0,11,2
20220,80.0,12,2
20221,113.0,13,2
20222,100.0,14,2
20223,108.0,15,2
20224,99.0,16,2
20225,140.0,17,2
20226,109.0,18,2
20227,111.0,19,2
20228,89.0,20,2
20229,104.0,21,2
20230,83.0,22,2
20231,113.0,23,2
20232,94.0,0,3
20233,75.0,1,3
20234,67.0,2,3
20235,78.0,3,3
20236,136.0,4,3
20237,113.0,5,3
20238,81.0,6,3
20239,78.0,7,3
20240,65.0,8,3
20241,71.0,9,3
20242,59.0,10,3
20243,70.0,11,3
20244,54.0,12,3
20245,92.0,13,3
20246,69.0,14,3
20247,82.0,15,3
20248,104.0,16,3
20249,97.0,17,3
20250,104.0,18,3
20251,102.0,19,3
20252,76.0,20,3
20253,67.0,21,3
20254,70.0,22,3
20255,71.0,23,3
20256,67.0,0,4
20257,69.0,1,4
20258,59.0,2,4
20259,67.0,3,4
20260,78.0,4,4
20261,62.0,5,4
20262,60.0,6,4
20263,72.0,7,4
20264,70.0,8,4
20265,61.0,9,4
20266,86.0,10,4
20267,52.0,11,4
20268,65.0,12,4
20269,99.0,13,4
20270,64.0,14,4
20271,82.0,15,4
20272,77.0,16,4
20273,67.0,17,4
20274,75.0,18,4
20275,61.0,19,4
20276,71.0,20,4
20277,97.0,21,4
20278,94.0,22,4
20279,63.0,23,4
20280,94.0,0,5
20281,67.0,1,5
20282,69.0,2,5
20283,62.0,3,5
20284,43.0,4,5
20285,52.0,5,5
20286,36.0,6,5
20287,55.0,7,5
20288,55.0,8,5
20289,56.0,9,5
20290,71.0,10,5
20291,44.0,11,5
20292,55.0,12,5
20293,51.0,13,5
20294,37.0,14,5
20295,57.0,15,5
20296,65.0,16,5
20297,62.0,17,5
20298,42.0,18,5
20299,56.0,19,5
20300,41.0,20,5
20301,47.0,21,5
20302,41.0,22,5
20303,56.0,23,5
20304,36.0,0,6
20305,43.0,1,6
20306,25.0,2,6
20307,28.0,3,6
20308,41.0,4,6
20309,49.0,5,6
20310,49.0,6,6
20311,38.0,7,6
20312,48.0,8,6
20313,34.0,9,6
20314,38.0,10,6
20315,44.0,11,6
20316,46.0,12,6
20317,43.0,13,6
20318,40.0,14,6
20319,35.0,15,6
20320,27.0,16,6
20321,29.0,17,6
20322,39.0,18,6
20323,34.0,19,6
20324,33.0,20,6
20325,30.0,21,6
20326,37.0,22,6
20327,54.0,23,6
20328,30.0,0,0
20329,47.0,1,0
20330,26.0,2,0
20331,38.0,3,0
20332,37.0,4,0
20333,35.0,5,0
20334,22.0,6,0
20335,27.0,7,0
20336,45.0,8,0
20337,38.0,9,0
20338,45.0,10,0
20339,32.0,11,0
20340,28.0,12,0
20341,30.0,13,0
20342,24.0,14,0
20343,32.0,15,0
20344,27.0,16,0
20345,42.0,17,0
20346,30.0,18,0
20347,26.0,19,0
20348,34.0,20,0
20349,42.0,21,0
20350,40.0,22,0
20351,28.0,23,0
20352,30.0,0,1
20353,33.0,1,1
20354,20.0,2,1
20355,23.0,3,1
20356,19.0,4,1
20357,20.0,5,1
20358,41.0,6,1
20359,24.0,7,1
20360,22.0,8,1
20361,23.0,9,1
20362,16.0,10,1
20363,10.0,11,1
20364,20.0,12,1
20365,19.0,13,1
20366,10.0,14,1
20367,22.0,15,1
20368,13.0,16,1
20369,10.0,17,1
20370,22.0,18,1
20371,19.0,19,1
20372,28.0,20,1
20373,16.0,21,1
20374,28.0,22,1
20375,19.0,23,1
20376,37.0,0,2
20377,26.0,1,2
20378,14.0,2,2
20379,10.0,3,2
20380,29.0,4,2
20381,17.0,5,2
20382,37.0,6,2
20383,30.0,7,2
20384,28.0,8,2
20385,20.0,9,2
20386,18.0,10,2
20387,32.0,11,2
20388,21.0,12,2
20389,13.0,13,2
20390,21.0,14,2
20391,18.0,15,2
20392,16.0,16,2
20393,24.0,17,2
20394,22.0,18,2
20395,13.0,19,2
20396,21.0,20,2
20397,16.0,21,2
20398,12.0,22,2
20399,14.0,23,2
20400,14.0,0,3
20401,17.0,1,3
20402,14.0,2,3
20403,12.0,3,3
20404,20.0,4,3
20405,20.0,5,3
20406,16.0,6,3
20407,20.0,7,3
20408,10.0,8,3
20409,7.0,9,3
20410,15.0,10,3
20411,9.0,11,3
20412,18.0,12,3
20413,14.0,13,3
20414,14.0,14,3
20415,10.0,15,3
20416,21.0,16,3
20417,10.0,17,3
20418,8.0,18,3
20419,16.0,19,3
20420,8.0,20,3
20421,12.0,21,3
20422,10.0,22,3
20423,23.0,23,3
20424,18.0,0,4
20425,20.0,1,4
20426,7.0,2,4
20427,25.0,3,4
20428,13.0,4,4
20429,15.0,5,4
20430,7.0,6,4
20431,28.0,7,4
20432,33.0,8,4
20433,25.0,9,4
20434,19.0,10,4
20435,16.0,11,4
20436,14.0,12,4
20437,19.0,13,4
20438,3.0,14,4
20439,7.0,15,4
20440,15.0,16,4
20441,6.0,17,4
20442,16.0,18,4
20443,21.0,19,4
20444,9.0,20,4
20445,13.0,21,4
20446,4.0,22,4
20447,8.0,23,4
20448,22.0,0,5
20449,16.0,1,5
20450,9.0,2,5
20451,6.0,3,5
20452,12.0,4,5
20453,5.0,5,5
20454,17.0,6,5
20455,3.0,7,5
20456,18.0,8,5
20457,24.0,9,5
20458,12.0,10,5
20459,35.0,11,5
20460,50.0,12,5
20461,38.0,13,5
20462,14.0,14,5
20463,6.0,15,5
20464,10.0,16,5
20465,12.0,17,5
20466,17.0,18,5
20467,9.0,19,5
20468,4.0,20,5
20469,7.0,21,5
20470,21.0,22,5
20471,8.0,23,5
20472,29.0,0,6
20473,17.0,1,6
20474,10.0,2,6
20475,6.0,3,6
20476,3.0,4,6
20477,10.0,5,6
20478,8.0,6,6
20479,23.0,7,6
20480,8.0,8,6
20481,10.0,9,6
20482,17.0,10,6
20483,8.0,11,6
20484,9.0,12,6
20485,10.0,13,6
20486,8.0,14,6
20487,5.0,15,6
20488,9.0,16,6
20489,7.0,17,6
20490,4.0,18,6
20491,15.0,19,6
20492,16.0,20,6
20493,16.0,21,6
20494,12.0,22,6
20495,9.0,23,6
20496,9.0,0,0
20497,10.0,1,0
20498,10.0,2,0
20499,12.0,3,0
20500,13.0,4,0
20501,5.0,5,0
20502,35.0,6,0
20503,23.0,7,0
20504,10.0,8,0
20505,10.0,9,0
20506,14.0,10,0
20507,10.0,11,0
20508,7.0,12,0
20509,8.0,13,0
20510,9.0,14,0
20511,6.0,15,0
20512,17.0,16,0
20513,5.0,17,0
20514,3.0,18,0
20515,23.0,19,0
20516,12.0,20,0
20517,6.0,21,0
20518,9.0,22,0
20519,9.0,23,0
20520,12.0,0,1
20521,10.0,1,1
20522,18.0,2,1
20523,28.0,3,1
20524,17.0,4,1
20525,15.0,5,1
20526,23.0,6,1
20527,15.0,7,1
20528,18.0,8,1
20529,17.0,9,1
20530,8.0,10,1
20531,10.0,11,1
20532,16.0,12,1
20533,5.0,13,1
20534,14.0,14,1
20535,5.0,15,1
20536,15.0,16,1
20537,7.0,17,1
20538,13.0,18,1
20539,8.0,19,1
20540,7.0,20,1
20541,12.0,21,1
20542,8.0,22,1
20543,5.0,23,1
20544,7.0,0,2
20545,10.0,1,2
20546,12.0,2,2
20547,9.0,3,2
20548,25.0,4,2
20549,38.0,5,2
20550,39.0,6,2
20551,30.0,7,2
20552,51.0,8,2
20553,63.0,9,2
20554,77.0,10,2
20555,68.0,11,2
20556,71.0,12,2
20557,66.0,13,2
20558,77.0,14,2
20559,62.0,15,2
20560,62.0,16,2
20561,36.0,17,2
20562,57.0,18,2
20563,59.0,19,2
20564,42.0,20,2
20565,15.0,21,2
20566,16.0,22,2
20567,9.0,23,2
20568,18.0,0,3
20569,21.0,1,3
20570,16.0,2,3
20571,4.0,3,3
20572,14.0,4,3
20573,21.0,5,3
20574,12.0,6,3
20575,13.0,7,3
20576,17.0,8,3
20577,24.0,9,3
20578,23.0,10,3
20579,19.0,11,3
20580,15.0,12,3
20581,23.0,13,3
20582,13.0,14,3
20583,9.0,15,3
20584,16.0,16,3
20585,18.0,17,3
20586,18.0,18,3
20587,19.0,19,3
20588,33.0,20,3
20589,32.0,21,3
20590,21.0,22,3
20591,35.0,23,3
20592,38.0,0,4
20593,29.0,1,4
20594,17.0,2,4
20595,21.0,3,4
20596,29.0,4,4
20597,27.0,5,4
20598,36.0,6,4
20599,36.0,7,4
20600,42.0,8,4
20601,21.0,9,4
20602,29.0,10,4
20603,29.0,11,4
20604,19.0,12,4
20605,35.0,13,4
20606,38.0,14,4
20607,36.0,15,4
20608,33.0,16,4
20609,28.0,17,4
20610,15.0,18,4
20611,41.0,19,4
20612,36.0,20,4
20613,45.0,21,4
20614,49.0,22,4
20615,58.0,23,4
20616,78.0,0,5
20617,87.0,1,5
20618,81.0,2,5
20619,77.0,3,5
20620,92.0,4,5
20621,88.0,5,5
20622,76.0,6,5
20623,87.0,7,5
20624,84.0,8,5
20625,69.0,9,5
20626,70.0,10,5
20627,74.0,11,5
20628,46.0,12,5
20629,44.0,13,5
20630,40.0,14,5
20631,46.0,15,5
20632,49.0,16,5
20633,39.0,17,5
20634,38.0,18,5
20635,38.0,19,5
20636,52.0,20,5
20637,41.0,21,5
20638,49.0,22,5
20639,47.0,23,5
20640,54.0,0,6
20641,103.0,1,6
20642,120.0,2,6
20643,101.0,3,6
20644,129.0,4,6
20645,162.0,5,6
20646,117.0,6,6
20647,101.0,7,6
20648,108.0,8,6
20649,122.0,9,6
20650,103.0,10,6
20651,86.0,11,6
20652,98.0,12,6
20653,109.0,13,6
20654,88.0,14,6
20655,72.0,15,6
20656,81.0,16,6
20657,56.0,17,6
20658,84.0,18,6
20659,68.0,19,6
20660,84.0,20,6
20661,69.0,21,6
20662,86.0,22,6
20663,71.0,23,6
20664,88.0,0,0
20665,78.0,1,0
20666,82.0,2,0
20667,58.0,3,0
20668,71.0,4,0
20669,82.0,5,0
20670,89.0,6,0
20671,76.0,7,0
20672,101.0,8,0
20673,77.0,9,0
20674,71.0,10,0
20675,91.0,11,0
20676,89.0,12,0
20677,82.0,13,0
20678,72.0,14,0
20679,86.0,15,0
20680,100.0,16,0
20681,112.0,17,0
20682,111.0,18,0
20683,80.0,19,0
20684,99.0,20,0
20685,86.0,21,0
20686,79.0,22,0
20687,107.0,23,0
20688,107.0,0,1
20689,123.0,1,1
20690,96.0,2,1
20691,118.0,3,1
20692,79.0,4,1
20693,110.0,5,1
20694,114.0,6,1
20695,93.0,7,1
20696,112.0,8,1
20697,107.0,9,1
20698,103.0,10,1
20699,103.0,11,1
20700,127.0,12,1
20701,160.0,13,1
20702,198.0,14,1
20703,138.0,15,1
20704,158.0,16,1
20705,141.0,17,1
20706,146.0,18,1
20707,147.0,19,1
20708,172.0,20,1
20709,158.0,21,1
20710,176.0,22,1
20711,166.0,23,1
20712,151.0,0,2
20713,177.0,1,2
20714,132.0,2,2
20715,132.0,3,2
20716,138.0,4,2
20717,128.0,5,2
20718,117.0,6,2
20719,138.0,7,2
20720,106.0,8,2
20721,112.0,9,2
20722,98.0,10,2
20723,110.0,11,2
20724,139.0,12,2
20725,158.0,13,2
20726,146.0,14,2
20727,108.0,15,2
20728,132.0,16,2
20729,109.0,17,2
20730,109.0,18,2
20731,129.0,19,2
20732,81.0,20,2
20733,132.0,21,2
20734,120.0,22,2
20735,127.0,23,2
20736,112.0,0,3
20737,128.0,1,3
20738,112.0,2,3
20739,126.0,3,3
20740,105.0,4,3
20741,107.0,5,3
20742,143.0,6,3
20743,110.0,7,3
20744,105.0,8,3
20745,132.0,9,3
20746,131.0,10,3
20747,130.0,11,3
20748,131.0,12,3
20749,133.0,13,3
20750,126.0,14,3
20751,118.0,15,3
20752,144.0,16,3
20753,146.0,17,3
20754,91.0,18,3
20755,124.0,19,3
20756,170.0,20,3
20757,147.0,21,3
20758,117.0,22,3
20759,121.0,23,3
20760,169.0,0,4
20761,177.0,1,4
20762,187.0,2,4
20763,250.0,3,4
20764,212.0,4,4
20765,210.0,5,4
20766,218.0,6,4
20767,260.0,7,4
20768,207.0,8,4
20769,197.0,9,4
20770,222.0,10,4
20771,169.0,11,4
20772,189.0,12,4
20773,171.0,13,4
20774,197.0,14,4
20775,197.0,15,4
20776,180.0,16,4
20777,187.0,17,4
20778,150.0,18,4
20779,153.0,19,4
20780,149.0,20,4
20781,164.0,21,4
20782,192.0,22,4
20783,136.0,23,4
20784,145.0,0,5
20785,164.0,1,5
20786,164.0,2,5
20787,147.0,3,5
20788,163.0,4,5
20789,130.0,5,5
20790,148.0,6,5
20791,151.0,7,5
20792,158.0,8,5
20793,133.0,9,5
20794,158.0,10,5
20795,144.0,11,5
20796,155.0,12,5
20797,136.0,13,5
20798,188.0,14,5
20799,195.0,15,5
20800,162.0,16,5
20801,211.0,17,5
20802,171.0,18,5
20803,136.0,19,5
20804,202.0,20,5
20805,220.0,21,5
20806,155.0,22,5
20808,165.0,0,6
20811,172.0,3,6
20812,181.0,4,6
20813,145.0,5,6
20814,181.0,6,6
20815,200.0,7,6
20816,194.0,8,6
20817,196.0,9,6
20818,155.0,10,6
20819,139.0,11,6
20820,181.0,12,6
20821,197.0,13,6
20822,264.0,14,6
20823,238.0,15,6
20824,206.0,16,6
20825,219.0,17,6
20826,173.0,18,6
20827,216.0,19,6
20828,163.0,20,6
20829,150.0,21,6
20830,167.0,22,6
20831,211.0,23,6
20832,242.0,0,0
20835,216.0,3,0
20836,216.0,4,0
20837,265.0,5,0
20838,216.0,6,0
20839,216.0,7,0
20840,183.0,8,0
20841,195.0,9,0
20842,223.0,10,0
20843,203.0,11,0
20847,150.0,15,0
20848,181.0,16,0
20849,175.0,17,0
20850,188.0,18,0
20851,198.0,19,0
20852,146.0,20,0
20853,181.0,21,0
20854,219.0,22,0
20855,180.0,23,0
20856,158.0,0,1
20857,197.0,1,1
20859,206.0,3,1
20860,176.0,4,1
20861,213.0,5,1
20862,148.0,6,1
20863,164.0,7,1
20864,178.0,8,1
20865,234.0,9,1
20866,208.0,10,1
20867,232.0,11,1
20868,210.0,12,1
20869,238.0,13,1
20870,242.0,14,1
20871,213.0,15,1
20872,188.0,16,1
20873,196.0,17,1
20874,165.0,18,1
20875,156.0,19,1
20876,206.0,20,1
20877,211.0,21,1
20880,206.0,0,2
20881,239.0,1,2
20882,212.0,2,2
20883,217.0,3,2
20884,226.0,4,2
20885,229.0,5,2
20886,231.0,6,2
20887,244.0,7,2
20888,265.0,8,2
20889,258.0,9,2
20890,259.0,10,2
20893,267.0,13,2
20894,192.0,14,2
20895,192.0,15,2
20896,222.0,16,2
20897,240.0,17,2
20898,224.0,18,2
20899,156.0,19,2
20900,236.0,20,2
20901,196.0,21,2
20902,197.0,22,2
20903,180.0,23,2
20904,147.0,0,3
20905,165.0,1,3
20906,164.0,2,3
20908,173.0,4,3
20909,172.0,5,3
20910,155.0,6,3
20911,188.0,7,3
20912,158.0,8,3
20913,177.0,9,3
20914,158.0,10,3
20915,141.0,11,3
20916,211.0,12,3
20917,154.0,13,3
20918,216.0,14,3
20919,162.0,15,3
20920,184.0,16,3
20922,219.0,18,3
20923,167.0,19,3
20924,177.0,20,3
20925,219.0,21,3
20926,218.0,22,3
20927,218.0,23,3
20928,130.0,0,4
20929,217.0,1,4
20930,224.0,2,4
20931,184.0,3,4
20932,196.0,4,4
20933,202.0,5,4
20934,180.0,6,4
20935,234.0,7,4
20936,170.0,8,4
20937,164.0,9,4
20938,163.0,10,4
20939,165.0,11,4
20940,167.0,12,4
20941,167.0,13,4
20942,163.0,14,4
20943,183.0,15,4
20944,215.0,16,4
20945,172.0,17,4
20946,192.0,18,4
20947,194.0,19,4
20948,186.0,20,4
20949,201.0,21,4
20950,236.0,22,4
20952,211.0,0,5
20953,181.0,1,5
20954,180.0,2,5
20955,257.0,3,5
20956,230.0,4,5
20957,238.0,5,5
20958,220.0,6,5
20959,201.0,7,5
20960,231.0,8,5
20961,153.0,9,5
20962,180.0,10,5
20963,217.0,11,5
20964,259.0,12,5
20965,240.0,13,5
20966,205.0,14,5
20967,195.0,15,5
20968,233.0,16,5
20969,191.0,17,5
20970,188.0,18,5
20971,158.0,19,5
20972,147.0,20,5
20973,130.0,21,5
20974,170.0,22,5
20975,201.0,23,5
20976,181.0,0,6
20977,211.0,1,6
20978,195.0,2,6
20979,238.0,3,6
20980,186.0,4,6
20981,182.0,5,6
20982,207.0,6,6
20983,192.0,7,6
20984,212.0,8,6
20985,193.0,9,6
20986,183.0,10,6
20987,147.0,11,6
20988,163.0,12,6
20989,209.0,13,6
20990,168.0,14,6
20991,198.0,15,6
20992,188.0,16,6
20993,184.0,17,6
20994,173.0,18,6
20995,183.0,19,6
20996,153.0,20,6
20997,183.0,21,6
20998,227.0,22,6
20999,225.0,23,6
21000,215.0,0,0
21001,236.0,1,0
21002,228.0,2,0
21003,208.0,3,0
21004,187.0,4,0
21005,190.0,5,0
21006,201.0,6,0
21007,202.0,7,0
21008,177.0,8,0
21009,166.0,9,0
21010,214.0,10,0
21011,189.0,11,0
21012,185.0,12,0
21013,181.0,13,0
21014,152.0,14,0
21015,150.0,15,0
21016,198.0,16,0
21017,198.0,17,0
21018,184.0,18,0
21019,177.0,19,0
21020,163.0,20,0
21021,186.0,21,0
21022,220.0,22,0
21023,189.0,23,0
21024,218.0,0,1
21025,208.0,1,1
21026,196.0,2,1
21027,188.0,3,1
21028,251.0,4,1
21029,226.0,5,1
21030,156.0,6,1
21031,198.0,7,1
21033,231.0,9,1
21034,170.0,10,1
21035,165.0,11,1
21036,201.0,12,1
21037,202.0,13,1
21038,238.0,14,1
21039,197.0,15,1
21042,187.0,18,1
21043,217.0,19,1
21044,147.0,20,1
21045,201.0,21,1
21046,234.0,22,1
21047,224.0,23,1
21048,197.0,0,2
21049,235.0,1,2
21050,202.0,2,2
21051,258.0,3,2
21052,245.0,4,2
21054,180.0,6,2
21055,132.0,7,2
21056,180.0,8,2
21057,194.0,9,2
21058,222.0,10,2
21059,214.0,11,2
21060,141.0,12,2
21061,219.0,13,2
21062,220.0,14,2
21063,177.0,15,2
21064,174.0,16,2
21065,203.0,17,2
21066,225.0,18,2
21067,175.0,19,2
21068,229.0,20,2
21069,202.0,21,2
21070,208.0,22,2
21071,184.0,23,2
21072,182.0,0,3
21073,208.0,1,3
21074,203.0,2,3
21075,195.0,3,3
21076,206.0,4,3
21077,220.0,5,3
21078,158.0,6,3
21079,204.0,7,3
21080,237.0,8,3
21081,219.0,9,3
21082,233.0,10,3
21083,189.0,11,3
21084,176.0,12,3
21085,192.0,13,3
21086,183.0,14,3
21087,162.0,15,3
21088,166.0,16,3
21089,185.0,17,3
21090,163.0,18,3
21091,211.0,19,3
21092,245.0,20,3
21093,196.0,21,3
21094,177.0,22,3
21095,177.0,23,3
21096,251.0,0,4
21097,218.0,1,4
21098,212.0,2,4
21099,177.0,3,4
21100,202.0,4,4
21101,266.0,5,4
21102,267.0,6,4
21103,251.0,7,4
21104,219.0,8,4
21105,226.0,9,4
21106,227.0,10,4
21107,201.0,11,4
21108,203.0,12,4
21109,194.0,13,4
21110,259.0,14,4
21111,178.0,15,4
21112,180.0,16,4
21113,197.0,17,4
21114,200.0,18,4
21115,260.0,19,4
21116,202.0,20,4
21117,201.0,21,4
21118,181.0,22,4
21119,195.0,23,4
21120,181.0,0,5
21121,242.0,1,5
21122,188.0,2,5
21123,238.0,3,5
21124,215.0,4,5
21125,191.0,5,5
21126,160.0,6,5
21127,235.0,7,5
21128,175.0,8,5
21129,164.0,9,5
21130,150.0,10,5
21131,203.0,11,5
21132,171.0,12,5
21133,205.0,13,5
21134,213.0,14,5
21135,229.0,15,5
21136,192.0,16,5
21137,233.0,17,5
21138,190.0,18,5
21139,236.0,19,5
21140,177.0,20,5
21141,214.0,21,5
21142,152.0,22,5
21143,153.0,23,5
21144,184.0,0,6
21145,203.0,1,6
21146,194.0,2,6
21147,181.0,3,6
21148,195.0,4,6
21149,181.0,5,6
21150,215.0,6,6
21151,198.0,7,6
21152,201.0,8,6
21153,185.0,9,6
21154,218.0,10,6
21155,202.0,11,6
21156,214.0,12,6
21157,216.0,13,6
21158,188.0,14,6
21159,185.0,15,6
21160,243.0,16,6
21161,262.0,17,6
21162,165.0,18,6
21163,232.0,19,6
21164,220.0,20,6
21165,160.0,21,6
21166,186.0,22,6
21167,176.0,23,6
21168,148.0,0,0
21169,146.0,1,0
21170,159.0,2,0
21171,166.0,3,0
21172,160.0,4,0
21173,178.0,5,0
21174,188.0,6,0
21175,171.0,7,0
21176,173.0,8,0
21177,170.0,9,0
21178,202.0,10,0
21179,178.0,11,0
21180,170.0,12,0
21181,170.0,13,0
21182,190.0,14,0
21183,162.0,15,0
21184,194.0,16,0
21185,162.0,17,0
21186,186.0,18,0
21187,160.0,19,0
21188,194.0,20,0
21189,156.0,21,0
21190,154.0,22,0
21191,176.0,23,0
21192,184.0,0,1
21193,176.0,1,1
21194,176.0,2,1
21195,181.0,3,1
21196,185.0,4,1
21197,196.0,5,1
21198,213.0,6,1
21199,201.0,7,1
21200,209.0,8,1
21201,242.0,9,1
21202,210.0,10,1
21203,206.0,11,1
21204,243.0,12,1
21205,274.0,13,1
21206,190.0,14,1
21207,202.0,15,1
21208,192.0,16,1
21209,189.0,17,1
21210,160.0,18,1
21211,204.0,19,1
21212,193.0,20,1
21213,166.0,21,1
21214,202.0,22,1
21215,203.0,23,1
21216,230.0,0,2
21217,240.0,1,2
21218,253.0,2,2
21219,220.0,3,2
21220,243.0,4,2
21221,256.0,5,2
21222,266.0,6,2
21223,214.0,7,2
21224,187.0,8,2
21225,218.0,9,2
21226,201.0,10,2
21227,178.0,11,2
21228,219.0,12,2
21229,184.0,13,2
21230,206.0,14,2
21231,205.0,15,2
21232,177.0,16,2
21233,219.0,17,2
21234,229.0,18,2
21236,236.0,20,2
21237,232.0,21,2
21238,204.0,22,2
21239,178.0,23,2
21240,223.0,0,3
21241,229.0,1,3
21242,223.0,2,3
21243,234.0,3,3
21244,184.0,4,3
21245,189.0,5,3
21246,198.0,6,3
21247,218.0,7,3
21248,204.0,8,3
21249,177.0,9,3
21250,159.0,10,3
21251,164.0,11,3
21252,135.0,12,3
21253,171.0,13,3
21254,165.0,14,3
21255,217.0,15,3
21256,233.0,16,3
21257,223.0,17,3
21258,258.0,18,3
21259,230.0,19,3
21260,252.0,20,3
21261,210.0,21,3
21262,206.0,22,3
21263,228.0,23,3
21264,268.0,0,4
21266,205.0,2,4
21267,197.0,3,4
21268,209.0,4,4
21269,225.0,5,4
21270,197.0,6,4
21271,225.0,7,4
21272,162.0,8,4
21273,185.0,9,4
21274,181.0,10,4
21275,190.0,11,4
21276,161.0,12,4
21277,180.0,13,4
21278,184.0,14,4
21279,155.0,15,4
21280,215.0,16,4
21281,164.0,17,4
21282,201.0,18,4
21283,196.0,19,4
21284,194.0,20,4
21285,228.0,21,4
21286,195.0,22,4
21287,190.0,23,4
21288,226.0,0,5
21289,228.0,1,5
21290,167.0,2,5
21291,150.0,3,5
21292,154.0,4,5
21293,148.0,5,5
21294,191.0,6,5
21295,191.0,7,5
21296,162.0,8,5
21297,192.0,9,5
21298,183.0,10,5
21299,183.0,11,5
21300,154.0,12,5
21301,180.0,13,5
21302,186.0,14,5
21303,185.0,15,5
21304,180.0,16,5
21305,156.0,17,5
21306,161.0,18,5
21307,206.0,19,5
21308,162.0,20,5
21309,154.0,21,5
21310,135.0,22,5
21311,200.0,23,5
21312,237.0,0,6
21313,242.0,1,6
21314,192.0,2,6
21315,205.0,3,6
21316,235.0,4,6
21317,210.0,5,6
21318,189.0,6,6
21319,144.0,7,6
21320,175.0,8,6
21321,186.0,9,6
21322,175.0,10,6
21323,218.0,11,6
21324,187.0,12,6
21325,192.0,13,6
21326,211.0,14,6
21327,208.0,15,6
21328,177.0,16,6
21329,166.0,17,6
21330,216.0,18,6
21331,209.0,19,6
21332,204.0,20,6
21333,173.0,21,6
21334,169.0,22,6
21335,180.0,23,6
21336,166.0,0,0
21337,168.0,1,0
21338,210.0,2,0
21339,212.0,3,0
21340,193.0,4,0
21341,193.0,5,0
21342,184.0,6,0
21343,194.0,7,0
21344,162.0,8,0
21345,177.0,9,0
21346,212.0,10,0
21347,153.0,11,0
21348,155.0,12,0
21349,168.0,13,0
21350,176.0,14,0
21351,171.0,15,0
21352,187.0,16,0
21353,187.0,17,0
21354,169.0,18,0
21355,169.0,19,0
21356,167.0,20,0
21357,174.0,21,0
21358,212.0,22,0
21359,181.0,23,0
21360,164.0,0,1
21361,190.0,1,1
21362,155.0,2,1
21363,166.0,3,1
21364,196.0,4,1
21365,178.0,5,1
21366,175.0,6,1
21367,195.0,7,1
21368,163.0,8,1
21369,164.0,9,1
21370,162.0,10,1
21371,144.0,11,1
21372,143.0,12,1
21373,192.0,13,1
21374,163.0,14,1
21375,158.0,15,1
21376,227.0,16,1
21377,234.0,17,1
21378,204.0,18,1
21379,219.0,19,1
21380,192.0,20,1
21381,187.0,21,1
21382,205.0,22,1
21383,220.0,23,1
21384,224.0,0,2
21385,250.0,1,2
21386,258.0,2,2
21387,198.0,3,2
21388,226.0,4,2
21389,188.0,5,2
21390,234.0,6,2
21391,267.0,7,2
21393,235.0,9,2
21394,216.0,10,2
21397,220.0,13,2
21398,234.0,14,2
21399,209.0,15,2
21400,212.0,16,2
21401,165.0,17,2
21402,220.0,18,2
21403,237.0,19,2
21404,194.0,20,2
21405,248.0,21,2
21406,246.0,22,2
21407,201.0,23,2
21408,171.0,0,3
21409,187.0,1,3
21410,201.0,2,3
21411,222.0,3,3
21412,201.0,4,3
21413,197.0,5,3
21414,186.0,6,3
21415,184.0,7,3
21416,181.0,8,3
21417,206.0,9,3
21418,259.0,10,3
21419,217.0,11,3
21420,220.0,12,3
21421,213.0,13,3
21422,225.0,14,3
21423,233.0,15,3
21424,186.0,16,3
21425,211.0,17,3
21426,200.0,18,3
21427,220.0,19,3
21428,180.0,20,3
21429,216.0,21,3
21430,233.0,22,3
21431,190.0,23,3
21432,172.0,0,4
21433,182.0,1,4
21434,191.0,2,4
21435,244.0,3,4
21436,197.0,4,4
21437,182.0,5,4
21438,162.0,6,4
21439,165.0,7,4
21440,228.0,8,4
21441,209.0,9,4
21442,222.0,10,4
21443,249.0,11,4
21444,250.0,12,4
21445,242.0,13,4
21446,245.0,14,4
21447,255.0,15,4
21448,185.0,16,4
21449,278.0,17,4
21451,213.0,19,4
21452,238.0,20,4
21453,239.0,21,4
21454,243.0,22,4
21455,216.0,23,4
21456,244.0,0,5
21457,186.0,1,5
21458,203.0,2,5
21459,233.0,3,5
21460,264.0,4,5
21461,242.0,5,5
21462,265.0,6,5
21463,166.0,7,5
21464,200.0,8,5
21465,148.0,9,5
21466,172.0,10,5
21467,200.0,11,5
21468,195.0,12,5
21469,217.0,13,5
21470,205.0,14,5
21471,226.0,15,5
21472,200.0,16,5
21473,160.0,17,5
21474,184.0,18,5
21475,198.0,19,5
21476,217.0,20,5
21477,195.0,21,5
21478,147.0,22,5
21479,215.0,23,5
21480,190.0,0,6
21481,224.0,1,6
21482,258.0,2,6
21483,176.0,3,6
21484,191.0,4,6
21485,174.0,5,6
21486,159.0,6,6
21487,194.0,7,6
21488,195.0,8,6
21489,191.0,9,6
21490,165.0,10,6
21491,182.0,11,6
21492,191.0,12,6
21493,206.0,13,6
21494,177.0,14,6
21495,181.0,15,6
21496,185.0,16,6
21497,206.0,17,6
21498,213.0,18,6
21499,182.0,19,6
21500,184.0,20,6
21501,165.0,21,6
21502,142.0,22,6
21503,190.0,23,6
21504,177.0,0,0
21505,232.0,1,0
21506,225.0,2,0
21507,201.0,3,0
21508,236.0,4,0
21509,188.0,5,0
21510,192.0,6,0
21511,220.0,7,0
21512,191.0,8,0
21513,174.0,9,0
21514,164.0,10,0
21515,161.0,11,0
21516,203.0,12,0
21517,165.0,13,0
21518,185.0,14,0
21519,190.0,15,0
21520,209.0,16,0
21521,178.0,17,0
21522,134.0,18,0
21523,183.0,19,0
21524,225.0,20,0
21525,162.0,21,0
21526,180.0,22,0
21527,155.0,23,0
21528,172.0,0,1
21529,184.0,1,1
21530,149.0,2,1
21531,141.0,3,1
21532,169.0,4,1
21533,195.0,5,1
21534,177.0,6,1
21535,204.0,7,1
21536,194.0,8,1
21537,172.0,9,1
21538,205.0,10,1
21539,197.0,11,1
21540,248.0,12,1
21541,194.0,13,1
21542,187.0,14,1
21543,186.0,15,1
21544,184.0,16,1
21545,167.0,17,1
21546,188.0,18,1
21547,204.0,19,1
21548,178.0,20,1
21549,189.0,21,1
21550,181.0,22,1
21551,183.0,23,1
21552,242.0,0,2
21553,146.0,1,2
21554,126.0,2,2
21555,143.0,3,2
21556,160.0,4,2
21557,164.0,5,2
21558,224.0,6,2
21559,191.0,7,2
21560,154.0,8,2
21561,205.0,9,2
21562,194.0,10,2
21563,202.0,11,2
21564,206.0,12,2
21565,186.0,13,2
21566,173.0,14,2
21567,205.0,15,2
21568,261.0,16,2
21569,191.0,17,2
21570,247.0,18,2
21571,188.0,19,2
21572,204.0,20,2
21573,140.0,21,2
21574,181.0,22,2
21575,175.0,23,2
21576,161.0,0,3
21577,147.0,1,3
21578,136.0,2,3
21579,138.0,3,3
21580,166.0,4,3
21581,225.0,5,3
21582,225.0,6,3
21583,178.0,7,3
21584,176.0,8,3
21585,185.0,9,3
21586,186.0,10,3
21587,132.0,11,3
21588,131.0,12,3
21589,138.0,13,3
21590,152.0,14,3
21591,158.0,15,3
21592,153.0,16,3
21593,150.0,17,3
21594,134.0,18,3
21595,132.0,19,3
21596,100.0,20,3
21597,134.0,21,3
21598,116.0,22,3
21599,117.0,23,3
21600,167.0,0,4
21601,207.0,1,4
21602,177.0,2,4
21603,190.0,3,4
21604,191.0,4,4
21605,197.0,5,4
21606,167.0,6,4
21607,166.0,7,4
21608,229.0,8,4
21609,166.0,9,4
21610,180.0,10,4
21611,148.0,11,4
21612,153.0,12,4
21613,142.0,13,4
21614,169.0,14,4
21615,153.0,15,4
21616,176.0,16,4
21617,131.0,17,4
21618,119.0,18,4
21619,163.0,19,4
21620,118.0,20,4
21621,138.0,21,4
21622,125.0,22,4
21623,101.0,23,4
21624,118.0,0,5
21625,135.0,1,5
21626,96.0,2,5
21627,129.0,3,5
21628,120.0,4,5
21629,133.0,5,5
21630,126.0,6,5
21631,125.0,7,5
21632,153.0,8,5
21633,140.0,9,5
21634,117.0,10,5
21635,121.0,11,5
21636,138.0,12,5
21637,124.0,13,5
21638,136.0,14,5
21639,133.0,15,5
21640,149.0,16,5
21641,96.0,17,5
21642,114.0,18,5
21643,110.0,19,5
21644,94.0,20,5
21645,76.0,21,5
21646,98.0,22,5
21647,70.0,23,5
21648,107.0,0,6
21649,120.0,1,6
21650,122.0,2,6
21651,126.0,3,6
21652,81.0,4,6
21653,102.0,5,6
21654,79.0,6,6
21655,117.0,7,6
21656,94.0,8,6
21657,94.0,9,6
21658,111.0,10,6
21659,89.0,11,6
21660,91.0,12,6
21661,114.0,13,6
21662,109.0,14,6
21663,80.0,15,6
21664,97.0,16,6
21665,104.0,17,6
21666,100.0,18,6
21667,105.0,19,6
21668,146.0,20,6
21669,116.0,21,6
21670,118.0,22,6
21671,105.0,23,6
21672,110.0,0,0
21673,125.0,1,0
21674,110.0,2,0
21675,105.0,3,0
21676,102.0,4,0
21677,139.0,5,0
21678,117.0,6,0
21679,114.0,7,0
21680,110.0,8,0
21681,100.0,9,0
21682,130.0,10,0
21683,118.0,11,0
21684,140.0,12,0
21685,102.0,13,0
21686,97.0,14,0
21687,101.0,15,0
21688,68.0,16,0
21689,75.0,17,0
21690,62.0,18,0
21691,63.0,19,0
21692,83.0,20,0
21693,77.0,21,0
21694,68.0,22,0
21695,66.0,23,0
21696,105.0,0,1
21697,100.0,1,1
21698,89.0,2,1
21699,80.0,3,1
21700,79.0,4,1
21701,64.0,5,1
21702,62.0,6,1
21703,56.0,7,1
21704,88.0,8,1
21705,70.0,9,1
21706,70.0,10,1
21707,87.0,11,1
21708,76.0,12,1
21709,61.0,13,1
21710,76.0,14,1
21711,69.0,15,1
21712,82.0,16,1
21713,42.0,17,1
21714,45.0,18,1
21715,77.0,19,1
21716,62.0,20,1
21717,52.0,21,1
21718,80.0,22,1
21719,65.0,23,1
21720,50.0,0,2
21721,86.0,1,2
21722,89.0,2,2
21723,64.0,3,2
21724,74.0,4,2
21725,63.0,5,2
21726,44.0,6,2
21727,88.0,7,2
21728,49.0,8,2
21729,41.0,9,2
21730,66.0,10,2
21731,83.0,11,2
21732,97.0,12,2
21733,76.0,13,2
21734,78.0,14,2
21735,64.0,15,2
21736,78.0,16,2
21737,59.0,17,2
21738,67.0,18,2
21739,90.0,19,2
21740,75.0,20,2
21741,82.0,21,2
21742,54.0,22,2
21743,63.0,23,2
21744,86.0,0,3
21745,42.0,1,3
21746,34.0,2,3
21747,38.0,3,3
21748,60.0,4,3
21749,76.0,5,3
21750,58.0,6,3
21751,49.0,7,3
21752,44.0,8,3
21753,56.0,9,3
21754,50.0,10,3
21755,61.0,11,3
21756,44.0,12,3
21757,21.0,13,3
21758,33.0,14,3
21759,37.0,15,3
21760,35.0,16,3
21761,26.0,17,3
21762,35.0,18,3
21763,38.0,19,3
21764,32.0,20,3
21765,39.0,21,3
21766,93.0,22,3
21767,32.0,23,3
21768,35.0,0,4
21769,70.0,1,4
21770,36.0,2,4
21771,54.0,3,4
21772,34.0,4,4
21773,46.0,5,4
21774,69.0,6,4
21775,54.0,7,4
21776,38.0,8,4
21777,62.0,9,4
21778,37.0,10,4
21779,47.0,11,4
21780,38.0,12,4
21781,24.0,13,4
21782,38.0,14,4
21783,45.0,15,4
21784,35.0,16,4
21785,23.0,17,4
21786,32.0,18,4
21787,16.0,19,4
21788,22.0,20,4
21789,22.0,21,4
21790,29.0,22,4
21791,20.0,23,4
21792,24.0,0,5
21793,21.0,1,5
21794,59.0,2,5
21795,45.0,3,5
21796,50.0,4,5
21797,66.0,5,5
21798,74.0,6,5
21799,58.0,7,5
21800,54.0,8,5
21801,54.0,9,5
21802,51.0,10,5
21803,67.0,11,5
21804,62.0,12,5
21805,54.0,13,5
21806,54.0,14,5
21807,43.0,15,5
21808,70.0,16,5
21809,72.0,17,5
21810,70.0,18,5
21811,70.0,19,5
21812,71.0,20,5
21813,80.0,21,5
21814,52.0,22,5
21815,20.0,23,5
21816,25.0,0,6
21817,21.0,1,6
21818,19.0,2,6
21819,10.0,3,6
21820,16.0,4,6
21821,12.0,5,6
21822,25.0,6,6
21823,37.0,7,6
21824,59.0,8,6
21825,33.0,9,6
21826,27.0,10,6
21827,30.0,11,6
21828,28.0,12,6
21829,27.0,13,6
21830,32.0,14,6
21831,30.0,15,6
21832,18.0,16,6
21833,27.0,17,6
21834,16.0,18,6
21835,45.0,19,6
21836,5.0,20,6
21837,4.0,21,6
21838,13.0,22,6
21839,7.0,23,6
21840,9.0,0,0
21841,18.0,1,0
21842,21.0,2,0
21843,14.0,3,0
21844,22.0,4,0
21845,18.0,5,0
21846,15.0,6,0
21847,20.0,7,0
21848,10.0,8,0
21849,18.0,9,0
21850,10.0,10,0
21851,15.0,11,0
21852,19.0,12,0
21853,5.0,13,0
21854,23.0,14,0
21855,16.0,15,0
21856,9.0,16,0
21857,12.0,17,0
21858,18.0,18,0
21859,12.0,19,0
21860,28.0,20,0
21861,24.0,21,0
21862,35.0,22,0
21863,27.0,23,0
21864,24.0,0,1
21865,19.0,1,1
21866,18.0,2,1
21867,5.0,3,1
21868,13.0,4,1
21869,12.0,5,1
21870,13.0,6,1
21871,3.0,7,1
21872,23.0,8,1
21873,10.0,9,1
21874,12.0,10,1
21875,7.0,11,1
21876,19.0,12,1
21877,5.0,13,1
21878,7.0,14,1
21879,7.0,15,1
21880,5.0,16,1
21881,5.0,17,1
21882,15.0,18,1
21883,13.0,19,1
21884,22.0,20,1
21885,21.0,21,1
21886,5.0,22,1
21887,14.0,23,1
21888,9.0,0,2
21889,12.0,1,2
21890,5.0,2,2
21891,14.0,3,2
21892,12.0,4,2
21893,20.0,5,2
21894,13.0,6,2
21895,5.0,7,2
21896,10.0,8,2
21897,15.0,9,2
21898,12.0,10,2
21899,9.0,11,2
21900,17.0,12,2
21901,21.0,13,2
21902,20.0,14,2
21903,40.0,15,2
21904,43.0,16,2
21905,22.0,17,2
21906,28.0,18,2
21907,14.0,19,2
21908,18.0,20,2
21909,13.0,21,2
21910,8.0,22,2
21911,16.0,23,2
21912,5.0,0,3
21913,7.0,1,3
21914,19.0,2,3
21915,19.0,3,3
21916,13.0,4,3
21917,9.0,5,3
21918,8.0,6,3
21919,9.0,7,3
21920,14.0,8,3
21921,25.0,9,3
21922,15.0,10,3
21923,8.0,11,3
21924,10.0,12,3
21925,6.0,13,3
21926,7.0,14,3
21927,19.0,15,3
21928,10.0,16,3
21929,14.0,17,3
21930,13.0,18,3
21931,17.0,19,3
21932,33.0,20,3
21933,8.0,21,3
21934,24.0,22,3
21935,13.0,23,3
21936,7.0,0,4
21937,15.0,1,4
21938,15.0,2,4
21939,20.0,3,4
21940,18.0,4,4
21941,18.0,5,4
21942,19.0,6,4
21943,6.0,7,4
21944,5.0,8,4
21945,9.0,9,4
21946,8.0,10,4
21947,5.0,11,4
21948,6.0,12,4
21949,12.0,13,4
21950,10.0,14,4
21951,9.0,15,4
21952,16.0,16,4
21953,12.0,17,4
21954,14.0,18,4
21955,17.0,19,4
21956,10.0,20,4
21957,8.0,21,4
21958,5.0,22,4
21959,12.0,23,4
21960,33.0,0,5
21961,13.0,1,5
21962,5.0,2,5
21963,5.0,3,5
21964,14.0,4,5
21965,7.0,5,5
21966,10.0,6,5
21967,3.0,7,5
21968,6.0,8,5
21969,6.0,9,5
21970,8.0,10,5
21971,12.0,11,5
21972,27.0,12,5
21973,6.0,13,5
21974,4.0,14,5
21975,8.0,15,5
21976,10.0,16,5
21977,13.0,17,5
21978,7.0,18,5
21979,13.0,19,5
21980,12.0,20,5
21981,14.0,21,5
21982,21.0,22,5
21983,29.0,23,5
21984,14.0,0,6
21985,16.0,1,6
21986,18.0,2,6
21987,13.0,3,6
21988,26.0,4,6
21989,17.0,5,6
21990,18.0,6,6
21991,12.0,7,6
21992,23.0,8,6
21993,15.0,9,6
21994,17.0,10,6
21995,18.0,11,6
21996,9.0,12,6
21997,8.0,13,6
21998,16.0,14,6
21999,24.0,15,6
22000,15.0,16,6
22001,13.0,17,6
22002,8.0,18,6
22003,9.0,19,6
22004,8.0,20,6
22005,13.0,21,6
22006,16.0,22,6
22007,22.0,23,6
22008,14.0,0,0
22009,20.0,1,0
22010,19.0,2,0
22011,9.0,3,0
22012,22.0,4,0
22013,16.0,5,0
22014,16.0,6,0
22015,6.0,7,0
22016,17.0,8,0
22017,4.0,9,0
22018,18.0,10,0
22019,30.0,11,0
22020,33.0,12,0
22021,41.0,13,0
22022,23.0,14,0
22023,37.0,15,0
22024,43.0,16,0
22025,57.0,17,0
22026,41.0,18,0
22027,49.0,19,0
22028,65.0,20,0
22029,44.0,21,0
22030,46.0,22,0
22031,36.0,23,0
22032,36.0,0,1
22033,23.0,1,1
22034,16.0,2,1
22035,19.0,3,1
22036,24.0,4,1
22037,12.0,5,1
22038,15.0,6,1
22039,33.0,7,1
22040,15.0,8,1
22041,25.0,9,1
22042,28.0,10,1
22043,25.0,11,1
22044,35.0,12,1
22045,21.0,13,1
22046,19.0,14,1
22047,27.0,15,1
22048,22.0,16,1
22049,29.0,17,1
22050,18.0,18,1
22051,29.0,19,1
22052,23.0,20,1
22053,42.0,21,1
22054,42.0,22,1
22055,55.0,23,1
22056,38.0,0,2
22057,40.0,1,2
22058,46.0,2,2
22059,52.0,3,2
22060,20.0,4,2
22061,46.0,5,2
22062,38.0,6,2
22063,35.0,7,2
22064,30.0,8,2
22065,52.0,9,2
22066,40.0,10,2
22067,45.0,11,2
22068,30.0,12,2
22069,33.0,13,2
22070,34.0,14,2
22071,27.0,15,2
22072,50.0,16,2
22073,46.0,17,2
22074,54.0,18,2
22075,37.0,19,2
22076,44.0,20,2
22077,49.0,21,2
22078,39.0,22,2
22079,36.0,23,2
22080,66.0,0,3
22081,74.0,1,3
22082,96.0,2,3
22083,100.0,3,3
22084,121.0,4,3
22085,83.0,5,3
22086,78.0,6,3
22087,83.0,7,3
22088,59.0,8,3
22089,79.0,9,3
22090,96.0,10,3
22091,90.0,11,3
22092,117.0,12,3
22093,113.0,13,3
22094,77.0,14,3
22095,71.0,15,3
22096,121.0,16,3
22097,82.0,17,3
22098,92.0,18,3
22099,60.0,19,3
22100,60.0,20,3
22101,67.0,21,3
22102,63.0,22,3
22103,46.0,23,3
22104,48.0,0,4
22105,59.0,1,4
22106,67.0,2,4
22107,44.0,3,4
22108,51.0,4,4
22109,78.0,5,4
22110,47.0,6,4
22111,79.0,7,4
22112,69.0,8,4
22113,79.0,9,4
22114,91.0,10,4
22115,77.0,11,4
22116,81.0,12,4
22117,76.0,13,4
22118,99.0,14,4
22119,99.0,15,4
22120,105.0,16,4
22121,84.0,17,4
22122,94.0,18,4
22123,74.0,19,4
22124,71.0,20,4
22125,87.0,21,4
22126,85.0,22,4
22127,87.0,23,4
22128,128.0,0,5
22129,131.0,1,5
22130,128.0,2,5
22131,114.0,3,5
22132,109.0,4,5
22133,121.0,5,5
22134,121.0,6,5
22135,135.0,7,5
22136,112.0,8,5
22137,87.0,9,5
22138,98.0,10,5
22139,92.0,11,5
22140,79.0,12,5
22141,103.0,13,5
22142,101.0,14,5
22143,77.0,15,5
22144,97.0,16,5
22145,80.0,17,5
22146,78.0,18,5
22147,101.0,19,5
22148,99.0,20,5
22149,105.0,21,5
22150,80.0,22,5
22151,98.0,23,5
22152,110.0,0,6
22153,84.0,1,6
22154,72.0,2,6
22155,80.0,3,6
22156,126.0,4,6
22157,120.0,5,6
22158,121.0,6,6
22159,110.0,7,6
22160,162.0,8,6
22161,166.0,9,6
22162,112.0,10,6
22163,101.0,11,6
22164,145.0,12,6
22165,101.0,13,6
22166,122.0,14,6
22167,124.0,15,6
22168,143.0,16,6
22169,142.0,17,6
22170,111.0,18,6
22171,133.0,19,6
22172,140.0,20,6
22173,109.0,21,6
22174,125.0,22,6
22175,139.0,23,6
22176,139.0,0,0
22177,114.0,1,0
22178,151.0,2,0
22179,155.0,3,0
22180,111.0,4,0
22181,114.0,5,0
22182,189.0,6,0
22183,132.0,7,0
22184,141.0,8,0
22185,113.0,9,0
22186,128.0,10,0
22187,123.0,11,0
22188,168.0,12,0
22189,120.0,13,0
22190,159.0,14,0
22191,167.0,15,0
22192,144.0,16,0
22193,110.0,17,0
22194,118.0,18,0
22195,146.0,19,0
22196,166.0,20,0
22197,144.0,21,0
22198,154.0,22,0
22199,213.0,23,0
22200,204.0,0,1
22201,167.0,1,1
22202,175.0,2,1
22203,224.0,3,1
22204,187.0,4,1
22205,166.0,5,1
22206,197.0,6,1
22207,177.0,7,1
22208,181.0,8,1
22209,193.0,9,1
22210,200.0,10,1
22211,211.0,11,1
22212,162.0,12,1
22213,224.0,13,1
22214,202.0,14,1
22215,194.0,15,1
22216,151.0,16,1
22217,168.0,17,1
22218,154.0,18,1
22219,119.0,19,1
22220,152.0,20,1
22221,161.0,21,1
22222,214.0,22,1
22223,215.0,23,1
22224,152.0,0,2
22225,140.0,1,2
22226,132.0,2,2
22227,151.0,3,2
22228,131.0,4,2
22229,143.0,5,2
22230,114.0,6,2
22231,140.0,7,2
22232,131.0,8,2
22233,144.0,9,2
22234,185.0,10,2
22235,164.0,11,2
22236,130.0,12,2
22237,156.0,13,2
22238,161.0,14,2
22239,156.0,15,2
22240,184.0,16,2
22241,143.0,17,2
22242,180.0,18,2
22243,192.0,19,2
22244,170.0,20,2
22245,138.0,21,2
22246,176.0,22,2
22247,167.0,23,2
22248,178.0,0,3
22249,171.0,1,3
22250,146.0,2,3
22251,178.0,3,3
22252,133.0,4,3
22253,146.0,5,3
22254,180.0,6,3
22255,177.0,7,3
22256,174.0,8,3
22257,187.0,9,3
22258,223.0,10,3
22259,164.0,11,3
22260,172.0,12,3
22261,193.0,13,3
22262,167.0,14,3
22263,195.0,15,3
22264,220.0,16,3
22265,258.0,17,3
22266,204.0,18,3
22267,154.0,19,3
22268,149.0,20,3
22269,156.0,21,3
22270,192.0,22,3
22271,194.0,23,3
22272,147.0,0,4
22273,180.0,1,4
22274,156.0,2,4
22275,172.0,3,4
22276,201.0,4,4
22277,180.0,5,4
22278,182.0,6,4
22279,208.0,7,4
22280,163.0,8,4
22281,143.0,9,4
22282,183.0,10,4
22283,150.0,11,4
22284,169.0,12,4
22285,161.0,13,4
22286,142.0,14,4
22287,163.0,15,4
22288,235.0,16,4
22289,233.0,17,4
22290,182.0,18,4
22291,136.0,19,4
22292,149.0,20,4
22293,173.0,21,4
22294,153.0,22,4
22295,194.0,23,4
22296,196.0,0,5
22297,200.0,1,5
22298,175.0,2,5
22299,194.0,3,5
22300,182.0,4,5
22301,204.0,5,5
22302,190.0,6,5
22303,176.0,7,5
22304,198.0,8,5
22305,225.0,9,5
22306,188.0,10,5
22307,203.0,11,5
22308,183.0,12,5
22309,160.0,13,5
22310,169.0,14,5
22311,210.0,15,5
22312,240.0,16,5
22313,229.0,17,5
22314,242.0,18,5
22315,208.0,19,5
22316,232.0,20,5
22317,176.0,21,5
22318,226.0,22,5
22319,218.0,23,5
22320,187.0,0,6
22321,219.0,1,6
22322,209.0,2,6
22323,188.0,3,6
22324,187.0,4,6
22325,208.0,5,6
22326,204.0,6,6
22327,231.0,7,6
22328,198.0,8,6
22329,198.0,9,6
22330,193.0,10,6
22331,229.0,11,6
22332,218.0,12,6
22333,264.0,13,6
22334,200.0,14,6
22335,195.0,15,6
22336,180.0,16,6
22337,227.0,17,6
22338,168.0,18,6
22339,166.0,19,6
22340,161.0,20,6
22341,186.0,21,6
22342,175.0,22,6
22343,160.0,23,6
22344,215.0,0,0
22345,176.0,1,0
22346,153.0,2,0
22347,158.0,3,0
22348,177.0,4,0
22349,149.0,5,0
22350,198.0,6,0
22351,195.0,7,0
22352,228.0,8,0
22353,180.0,9,0
22354,164.0,10,0
22355,165.0,11,0
22356,195.0,12,0
22357,222.0,13,0
22358,172.0,14,0
22359,188.0,15,0
22360,244.0,16,0
22361,170.0,17,0
22362,148.0,18,0
22363,175.0,19,0
22364,197.0,20,0
22365,183.0,21,0
22366,192.0,22,0
22367,156.0,23,0
22368,175.0,0,1
22369,213.0,1,1
22370,203.0,2,1
22371,210.0,3,1
22372,218.0,4,1
22373,218.0,5,1
22374,160.0,6,1
22375,209.0,7,1
22376,207.0,8,1
22377,170.0,9,1
22378,155.0,10,1
22379,182.0,11,1
22380,187.0,12,1
22381,219.0,13,1
22382,212.0,14,1
22383,204.0,15,1
22384,255.0,16,1
22385,226.0,17,1
22386,186.0,18,1
22387,194.0,19,1
22388,235.0,20,1
22389,210.0,21,1
22390,191.0,22,1
22391,193.0,23,1
22392,229.0,0,2
22393,207.0,1,2
22394,200.0,2,2
22395,176.0,3,2
22396,175.0,4,2
22397,237.0,5,2
22398,209.0,6,2
22399,183.0,7,2
22400,144.0,8,2
22401,155.0,9,2
22402,243.0,10,2
22403,257.0,11,2
22404,214.0,12,2
22405,202.0,13,2
22406,222.0,14,2
22407,187.0,15,2
22408,145.0,16,2
22409,190.0,17,2
22410,181.0,18,2
22411,193.0,19,2
22412,180.0,20,2
22413,127.0,21,2
22414,171.0,22,2
22415,156.0,23,2
22416,155.0,0,3
22417,176.0,1,3
22418,218.0,2,3
22419,209.0,3,3
22420,132.0,4,3
22421,164.0,5,3
22422,153.0,6,3
22423,187.0,7,3
22424,209.0,8,3
22425,152.0,9,3
22426,209.0,10,3
22427,171.0,11,3
22428,171.0,12,3
22429,186.0,13,3
22430,185.0,14,3
22431,196.0,15,3
22432,208.0,16,3
22433,173.0,17,3
22434,200.0,18,3
22435,202.0,19,3
22436,164.0,20,3
22437,204.0,21,3
22438,182.0,22,3
22439,151.0,23,3
22440,180.0,0,4
22441,113.0,1,4
22442,173.0,2,4
22443,190.0,3,4
22444,222.0,4,4
22445,206.0,5,4
22446,169.0,6,4
22447,153.0,7,4
22448,174.0,8,4
22449,176.0,9,4
22450,224.0,10,4
22451,169.0,11,4
22452,218.0,12,4
22454,195.0,14,4
22455,273.0,15,4
22456,178.0,16,4
22457,227.0,17,4
22458,178.0,18,4
22459,270.0,19,4
22460,271.0,20,4
22461,243.0,21,4
22462,211.0,22,4
22463,212.0,23,4
22464,208.0,0,5
22465,188.0,1,5
22466,163.0,2,5
22467,173.0,3,5
22468,161.0,4,5
22469,200.0,5,5
22470,235.0,6,5
22471,222.0,7,5
22472,195.0,8,5
22473,168.0,9,5
22474,217.0,10,5
22475,237.0,11,5
22476,193.0,12,5
22477,198.0,13,5
22478,168.0,14,5
22479,156.0,15,5
22480,173.0,16,5
22481,184.0,17,5
22482,163.0,18,5
22483,172.0,19,5
22484,196.0,20,5
22485,178.0,21,5
22486,173.0,22,5
22487,136.0,23,5
22488,261.0,0,6
22489,200.0,1,6
22490,198.0,2,6
22491,175.0,3,6
22492,163.0,4,6
22493,182.0,5,6
22494,198.0,6,6
22495,230.0,7,6
22496,189.0,8,6
22497,205.0,9,6
22498,188.0,10,6
22499,194.0,11,6
22500,222.0,12,6
22501,197.0,13,6
22502,232.0,14,6
22503,246.0,15,6
22504,268.0,16,6
22505,253.0,17,6
22506,178.0,18,6
22507,206.0,19,6
22508,230.0,20,6
22509,211.0,21,6
22510,249.0,22,6
22511,238.0,23,6
22512,226.0,0,0
22513,213.0,1,0
22514,159.0,2,0
22515,139.0,3,0
22516,150.0,4,0
22517,159.0,5,0
22518,143.0,6,0
22519,184.0,7,0
22520,195.0,8,0
22521,174.0,9,0
22522,175.0,10,0
22523,163.0,11,0
22524,187.0,12,0
22525,184.0,13,0
22526,212.0,14,0
22527,197.0,15,0
22528,202.0,16,0
22529,202.0,17,0
22530,149.0,18,0
22531,167.0,19,0
22532,180.0,20,0
22533,165.0,21,0
22534,215.0,22,0
22535,260.0,23,0
22536,215.0,0,1
22537,167.0,1,1
22538,142.0,2,1
22539,143.0,3,1
22540,174.0,4,1
22541,180.0,5,1
22542,196.0,6,1
22543,164.0,7,1
22544,198.0,8,1
22545,210.0,9,1
22546,210.0,10,1
22547,204.0,11,1
22548,251.0,12,1
22549,225.0,13,1
22550,214.0,14,1
22551,214.0,15,1
22552,203.0,16,1
22553,194.0,17,1
22554,198.0,18,1
22555,207.0,19,1
22556,191.0,20,1
22557,204.0,21,1
22558,201.0,22,1
22559,207.0,23,1
22560,209.0,0,2
22561,193.0,1,2
22562,214.0,2,2
22563,219.0,3,2
22564,200.0,4,2
22565,186.0,5,2
22566,248.0,6,2
22567,269.0,7,2
22569,252.0,9,2
22570,234.0,10,2
22571,232.0,11,2
22572,216.0,12,2
22573,210.0,13,2
22574,260.0,14,2
22575,220.0,15,2
22576,223.0,16,2
22577,222.0,17,2
22578,211.0,18,2
22579,220.0,19,2
22580,182.0,20,2
22581,223.0,21,2
22582,205.0,22,2
22583,169.0,23,2
22584,165.0,0,3
22585,196.0,1,3
22586,209.0,2,3
22587,188.0,3,3
22588,195.0,4,3
22589,205.0,5,3
22590,176.0,6,3
22591,230.0,7,3
22592,198.0,8,3
22593,181.0,9,3
22594,187.0,10,3
22595,223.0,11,3
22596,222.0,12,3
22597,216.0,13,3
22598,196.0,14,3
22599,191.0,15,3
22600,153.0,16,3
22601,149.0,17,3
22602,184.0,18,3
22603,236.0,19,3
22604,234.0,20,3
22605,214.0,21,3
22606,225.0,22,3
22607,216.0,23,3
22608,146.0,0,4
22609,185.0,1,4
22610,211.0,2,4
22611,202.0,3,4
22612,169.0,4,4
22613,181.0,5,4
22614,177.0,6,4
22615,176.0,7,4
22616,174.0,8,4
22617,213.0,9,4
22618,142.0,10,4
22619,119.0,11,4
22620,147.0,12,4
22621,160.0,13,4
22622,184.0,14,4
22623,167.0,15,4
22624,175.0,16,4
22625,185.0,17,4
22626,129.0,18,4
22627,161.0,19,4
22628,153.0,20,4
22629,185.0,21,4
22630,145.0,22,4
22631,156.0,23,4
22632,176.0,0,5
22633,197.0,1,5
22634,187.0,2,5
22635,187.0,3,5
22636,202.0,4,5
22637,155.0,5,5
22638,153.0,6,5
22639,245.0,7,5
22640,186.0,8,5
22641,161.0,9,5
22642,181.0,10,5
22643,174.0,11,5
22644,148.0,12,5
22645,144.0,13,5
22646,134.0,14,5
22647,139.0,15,5
22648,160.0,16,5
22649,165.0,17,5
22650,174.0,18,5
22651,175.0,19,5
22652,187.0,20,5
22653,213.0,21,5
22654,144.0,22,5
22655,176.0,23,5
22656,186.0,0,6
22657,148.0,1,6
22658,168.0,2,6
22659,159.0,3,6
22660,205.0,4,6
22661,172.0,5,6
22662,149.0,6,6
22663,197.0,7,6
22664,167.0,8,6
22665,211.0,9,6
22666,215.0,10,6
22667,212.0,11,6
22668,181.0,12,6
22669,133.0,13,6
22670,135.0,14,6
22671,170.0,15,6
22672,175.0,16,6
22673,164.0,17,6
22674,166.0,18,6
22675,226.0,19,6
22676,239.0,20,6
22677,176.0,21,6
22678,139.0,22,6
22679,191.0,23,6
22680,171.0,0,0
22681,192.0,1,0
22682,219.0,2,0
22683,236.0,3,0
22684,216.0,4,0
22685,245.0,5,0
22686,259.0,6,0
22687,222.0,7,0
22688,243.0,8,0
22689,220.0,9,0
22690,197.0,10,0
22691,133.0,11,0
22692,178.0,12,0
22693,208.0,13,0
22694,203.0,14,0
22695,212.0,15,0
22696,207.0,16,0
22697,180.0,17,0
22698,235.0,18,0
22699,159.0,19,0
22700,162.0,20,0
22701,172.0,21,0
22702,173.0,22,0
22703,208.0,23,0
22704,178.0,0,1
22705,182.0,1,1
22706,160.0,2,1
22707,178.0,3,1
22708,158.0,4,1
22709,134.0,5,1
22710,158.0,6,1
22711,156.0,7,1
22712,233.0,8,1
22713,175.0,9,1
22714,163.0,10,1
22715,150.0,11,1
22716,151.0,12,1
22717,175.0,13,1
22718,191.0,14,1
22719,219.0,15,1
22720,200.0,16,1
22721,116.0,17,1
22722,134.0,18,1
22723,173.0,19,1
22724,123.0,20,1
22725,126.0,21,1
22726,167.0,22,1
22727,148.0,23,1
22728,138.0,0,2
22729,170.0,1,2
22730,178.0,2,2
22731,149.0,3,2
22732,106.0,4,2
22733,152.0,5,2
22734,135.0,6,2
22735,143.0,7,2
22736,152.0,8,2
22737,138.0,9,2
22738,144.0,10,2
22739,168.0,11,2
22740,191.0,12,2
22741,150.0,13,2
22742,141.0,14,2
22743,145.0,15,2
22744,177.0,16,2
22745,170.0,17,2
22746,175.0,18,2
22747,197.0,19,2
22748,170.0,20,2
22749,186.0,21,2
22750,175.0,22,2
22751,187.0,23,2
22752,198.0,0,3
22753,204.0,1,3
22754,257.0,2,3
22755,178.0,3,3
22756,181.0,4,3
22757,170.0,5,3
22758,190.0,6,3
22759,194.0,7,3
22760,207.0,8,3
22761,185.0,9,3
22762,194.0,10,3
22763,215.0,11,3
22764,171.0,12,3
22765,160.0,13,3
22766,171.0,14,3
22767,195.0,15,3
22768,205.0,16,3
22769,174.0,17,3
22770,186.0,18,3
22771,212.0,19,3
22772,147.0,20,3
22773,151.0,21,3
22774,112.0,22,3
22775,164.0,23,3
22776,168.0,0,4
22777,181.0,1,4
22778,178.0,2,4
22779,188.0,3,4
22780,152.0,4,4
22781,140.0,5,4
22782,151.0,6,4
22783,152.0,7,4
22784,171.0,8,4
22785,135.0,9,4
22786,189.0,10,4
22787,173.0,11,4
22788,159.0,12,4
22789,185.0,13,4
22790,197.0,14,4
22791,156.0,15,4
22792,213.0,16,4
22793,225.0,17,4
22794,197.0,18,4
22795,178.0,19,4
22796,168.0,20,4
22797,153.0,21,4
22798,169.0,22,4
22799,161.0,23,4
22800,181.0,0,5
22801,202.0,1,5
22802,192.0,2,5
22803,188.0,3,5
22804,168.0,4,5
22805,172.0,5,5
22806,216.0,6,5
22807,236.0,7,5
22808,186.0,8,5
22809,209.0,9,5
22810,205.0,10,5
22811,212.0,11,5
22812,230.0,12,5
22813,215.0,13,5
22814,210.0,14,5
22815,206.0,15,5
22816,208.0,16,5
22817,180.0,17,5
22818,196.0,18,5
22819,196.0,19,5
22820,171.0,20,5
22821,177.0,21,5
22822,177.0,22,5
22823,160.0,23,5
22824,152.0,0,6
22825,162.0,1,6
22826,144.0,2,6
22827,190.0,3,6
22828,188.0,4,6
22829,224.0,5,6
22830,181.0,6,6
22831,134.0,7,6
22832,184.0,8,6
22833,161.0,9,6
22834,172.0,10,6
22835,185.0,11,6
22836,149.0,12,6
22837,181.0,13,6
22838,196.0,14,6
22839,188.0,15,6
22840,158.0,16,6
22841,233.0,17,6
22842,194.0,18,6
22843,170.0,19,6
22844,175.0,20,6
22845,176.0,21,6
22846,170.0,22,6
22847,187.0,23,6
22848,148.0,0,0
22849,195.0,1,0
22850,204.0,2,0
22851,181.0,3,0
22852,194.0,4,0
22853,159.0,5,0
22854,201.0,6,0
22855,161.0,7,0
22856,162.0,8,0
22857,201.0,9,0
22858,176.0,10,0
22859,177.0,11,0
22860,159.0,12,0
22861,211.0,13,0
22862,201.0,14,0
22863,224.0,15,0
22864,201.0,16,0
22865,257.0,17,0
22866,220.0,18,0
22867,174.0,19,0
22868,163.0,20,0
22869,175.0,21,0
22870,153.0,22,0
22871,169.0,23,0
22872,181.0,0,1
22873,200.0,1,1
22874,186.0,2,1
22875,204.0,3,1
22876,250.0,4,1
22877,203.0,5,1
22878,192.0,6,1
22879,202.0,7,1
22880,147.0,8,1
22881,188.0,9,1
22882,182.0,10,1
22883,156.0,11,1
22884,136.0,12,1
22885,160.0,13,1
22886,159.0,14,1
22887,175.0,15,1
22888,182.0,16,1
22889,196.0,17,1
22890,172.0,18,1
22891,210.0,19,1
22892,240.0,20,1
22893,201.0,21,1
22894,180.0,22,1
22895,192.0,23,1
22896,154.0,0,2
22897,153.0,1,2
22898,159.0,2,2
22899,194.0,3,2
22900,131.0,4,2
22901,145.0,5,2
22902,138.0,6,2
22903,171.0,7,2
22904,235.0,8,2
22905,210.0,9,2
22906,188.0,10,2
22907,170.0,11,2
22908,181.0,12,2
22909,175.0,13,2
22910,154.0,14,2
22911,152.0,15,2
22912,177.0,16,2
22913,169.0,17,2
22914,162.0,18,2
22915,143.0,19,2
22916,171.0,20,2
22917,225.0,21,2
22918,181.0,22,2
22919,164.0,23,2
22920,224.0,0,3
22921,215.0,1,3
22922,200.0,2,3
22923,159.0,3,3
22924,203.0,4,3
22925,206.0,5,3
22926,172.0,6,3
22927,185.0,7,3
22928,237.0,8,3
22929,218.0,9,3
22930,273.0,10,3
22931,214.0,11,3
22932,224.0,12,3
22933,189.0,13,3
22934,208.0,14,3
22935,216.0,15,3
22936,229.0,16,3
22937,193.0,17,3
22938,222.0,18,3
22939,203.0,19,3
22940,169.0,20,3
22941,173.0,21,3
22942,247.0,22,3
22943,233.0,23,3
22944,201.0,0,4
22945,184.0,1,4
22946,191.0,2,4
22947,170.0,3,4
22948,156.0,4,4
22949,185.0,5,4
22950,197.0,6,4
22951,234.0,7,4
22952,153.0,8,4
22953,206.0,9,4
22954,174.0,10,4
22955,202.0,11,4
22956,197.0,12,4
22957,156.0,13,4
22958,158.0,14,4
22959,170.0,15,4
22960,154.0,16,4
22961,166.0,17,4
22962,130.0,18,4
22963,142.0,19,4
22964,158.0,20,4
22965,182.0,21,4
22966,130.0,22,4
22967,125.0,23,4
22968,142.0,0,5
22969,132.0,1,5
22970,92.0,2,5
22971,121.0,3,5
22972,156.0,4,5
22973,141.0,5,5
22974,154.0,6,5
22975,155.0,7,5
22976,154.0,8,5
22977,151.0,9,5
22978,159.0,10,5
22979,170.0,11,5
22980,145.0,12,5
22981,149.0,13,5
22982,183.0,14,5
22983,201.0,15,5
22984,200.0,16,5
22985,173.0,17,5
22986,178.0,18,5
22987,165.0,19,5
22988,148.0,20,5
22989,151.0,21,5
22990,173.0,22,5
22991,162.0,23,5
22992,147.0,0,6
22993,180.0,1,6
22994,185.0,2,6
22995,191.0,3,6
22996,189.0,4,6
22997,167.0,5,6
22998,144.0,6,6
22999,109.0,7,6
23000,117.0,8,6
23001,100.0,9,6
23002,144.0,10,6
23003,90.0,11,6
23004,145.0,12,6
23005,102.0,13,6
23006,112.0,14,6
23007,151.0,15,6
23008,136.0,16,6
23009,163.0,17,6
23010,132.0,18,6
23011,113.0,19,6
23012,127.0,20,6
23013,140.0,21,6
23014,84.0,22,6
23015,131.0,23,6
23016,119.0,0,0
23017,146.0,1,0
23018,106.0,2,0
23019,110.0,3,0
23020,133.0,4,0
23021,107.0,5,0
23022,112.0,6,0
23023,107.0,7,0
23024,132.0,8,0
23025,142.0,9,0
23026,135.0,10,0
23027,110.0,11,0
23028,102.0,12,0
23029,134.0,13,0
23030,128.0,14,0
23031,141.0,15,0
23032,102.0,16,0
23033,138.0,17,0
23034,86.0,18,0
23035,129.0,19,0
23036,114.0,20,0
23037,106.0,21,0
23038,114.0,22,0
23039,125.0,23,0
