x_last_hour,x_start_hour,predicted,target,error_rates
136.0,138.0,136.2788,133.0,2.4652581
184.0,205.0,184.27875,149.0,23.677011
178.0,207.0,178.27536,181.0,1.5053259
204.0,154.0,204.25279,231.0,11.578878
208.0,218.0,208.2788,173.0,20.392366
210.0,136.0,210.2788,204.0,3.0778399
35.000008,63.0,35.2788,23.0,53.386093
191.0,175.0,191.26942,170.0,12.511426
204.0,261.0,204.27751,251.0,18.614536
204.0,203.0,203.8061,257.0,20.698013
71.0,106.0,71.257515,97.0,26.538643
100.0,247.0,100.27639,144.0,30.363619
149.0,175.0,149.27505,106.0,40.825523
201.0,172.0,201.26636,257.0,21.686243
155.0,175.0,155.26633,243.0,36.104393
151.0,273.0,151.2788,173.0,12.555611
170.0,181.0,170.2788,202.0,15.7035675
158.0,165.0,158.2788,134.0,18.118502
131.0,142.0,131.2788,143.0,8.196649
99.0,52.000008,99.21403,99.0,0.21618931
186.0,156.0,186.2788,212.0,12.132645
59.000008,39.000008,59.2788,33.000008,79.63269
170.0,131.0,170.2788,154.0,10.570645
200.0,161.0,200.26689,175.0,14.438224
33.0,80.0,33.278793,37.0,10.057315
16.0,26.0,16.278801,12.0,35.656677
197.0,188.0,197.4593,167.0,18.239105
214.0,218.0,214.2788,216.0,0.796855
19.0,46.000008,19.278793,37.0,47.895153
174.0,158.0,174.2788,186.0,6.301724
177.0,181.0,177.2788,159.0,11.496096
187.0,80.0,187.24881,166.0,12.8004875
94.0,134.0,94.27879,94.0,0.29658866
161.0,165.0,160.9224,147.0,9.471016
47.0,64.0,47.278793,26.0,81.84151
156.0,196.0,156.27582,185.0,15.526586
245.0,129.0,245.2788,259.0,5.2977633
250.0,180.0,250.27878,203.0,23.29004
196.0,156.0,197.1066,200.0,1.446701
180.0,154.0,180.24875,182.0,0.9622259
19.0,62.0,19.278793,20.000008,3.6060703
143.0,80.0,143.2788,110.0,30.253448
43.0,60.0,43.278793,70.0,38.17315
22.000008,38.000008,22.278801,19.000008,17.256802
28.000008,34.0,28.278801,16.0,76.74251
240.0,146.0,240.27878,229.0,4.9252305
36.0,111.0,36.255737,54.999992,34.08047
150.0,152.0,150.2788,169.0,11.077638
28.000008,55.0,28.278801,30.0,5.73733
171.0,175.0,171.2788,171.0,0.16303703
181.0,154.0,181.2551,164.0,10.5214
12.0,32.000008,12.278793,14.0,12.294333
132.0,194.0,132.2788,100.0,32.278793
229.0,203.0,229.27878,193.0,18.797295
225.0,135.0,225.2788,197.0,14.354717
177.0,231.0,177.269,163.0,8.753986
101.0,67.0,101.27879,122.0,16.984596
180.0,200.0,180.2788,155.0,16.308899
106.0,170.0,106.27879,110.0,3.3829153
39.000008,72.0,39.2788,34.0,15.525885
224.0,211.0,224.95253,215.0,4.6290836
184.0,159.0,184.2788,206.0,10.544274
209.0,197.0,209.44772,193.0,8.522137
204.0,195.0,204.2788,178.0,14.763367
128.0,121.0,128.2788,141.0,9.022132
215.0,178.0,215.26004,171.0,25.883064
134.0,166.0,134.2788,183.0,26.62361
143.0,162.0,143.2788,171.0,16.211233
131.0,224.0,131.2788,119.0,10.318314
62.0,125.0,62.2788,63.0,1.1447604
191.0,159.0,191.2788,219.0,12.658085
225.0,183.0,225.27708,178.0,26.56016
209.0,214.0,209.27225,241.99998,13.523859
170.0,173.0,170.26317,187.0,8.950177
224.0,186.0,224.2788,181.0,23.910934
161.0,112.0,161.2788,214.0,24.636078
168.0,121.0,168.2788,154.0,9.271944
148.0,196.0,148.2788,168.0,11.738813
166.0,138.0,166.26582,130.0,27.896786
194.0,126.0,194.2788,151.0,28.661453
212.0,233.0,212.2601,147.0,44.394627
101.0,48.0,101.23894,145.0,30.180042
214.0,246.0,214.25438,219.0,2.1669502
60.0,25.000008,60.26586,67.0,10.050953
44.0,67.0,44.269814,46.0,3.7612748
94.0,35.000008,94.27879,74.0,27.403774
87.0,39.000008,87.27879,98.0,10.940007
180.0,146.0,180.2788,177.0,1.8524256
129.0,101.0,129.2788,81.0,59.603447
185.0,233.0,185.2736,196.0,5.4726505
152.0,176.0,152.2788,138.0,10.3469515
260.0,172.0,260.2344,206.99998,25.717112
225.0,176.0,225.2788,181.0,24.46342
79.0,39.000008,79.26778,110.0,27.938383
215.0,161.0,215.35007,176.0,22.357992
67.0,27.0,67.27879,44.0,52.906345
182.0,140.0,182.2788,136.0,34.028522
166.0,98.0,166.24544,151.0,10.096316
168.0,171.0,168.2788,191.0,11.89592
181.0,213.0,181.2788,194.0,6.557323
133.0,166.0,133.2788,107.0,24.55962
173.0,201.0,173.2788,205.0,15.473759
175.0,198.0,175.5048,197.0,10.911265
206.0,184.0,206.27214,243.0,15.1143465
171.0,185.0,171.2788,177.0,3.23232
213.0,152.0,213.27878,225.0,5.2094316
42.000008,97.0,42.274467,34.0,24.336668
251.0,191.0,251.25824,226.0,11.176212
143.0,189.0,143.2788,180.0,20.400671
170.0,113.0,170.2788,138.0,23.39043
25.000008,21.000008,25.934456,21.000008,23.497364
181.0,195.0,181.2753,193.0,6.0749745
240.0,188.0,240.25322,252.99998,5.038247
191.0,225.0,191.96414,160.0,19.977589
210.0,184.0,210.26785,240.0,12.388394
187.0,191.0,187.2788,169.0,10.815854
196.0,172.0,196.26985,164.0,19.676739
167.0,204.0,167.2788,166.0,0.77035743
190.0,186.0,190.28418,155.0,22.763987
175.0,156.0,175.42088,194.0,9.576864
173.0,138.0,173.2788,159.0,8.980373
266.0,232.0,266.27405,214.0,24.427124
145.0,59.000008,145.2788,101.0,43.84039
165.0,196.0,165.2788,195.0,15.241644
166.0,78.0,166.2788,197.0,15.5945215
119.0,162.0,119.27879,152.0,21.52711
104.0,146.0,104.27879,83.0,25.637098
154.0,143.0,154.27408,155.0,0.46833655
192.0,145.0,192.25995,188.0,2.2659302
101.0,59.000008,101.27879,99.0,2.3018115
140.0,174.0,140.2788,84.0,66.998566
69.0,108.0,69.27879,62.0,11.739989
177.0,159.0,177.55952,169.0,5.0648074
187.0,197.0,187.2788,209.0,10.392922
183.0,171.0,183.2788,160.0,14.549247
163.0,154.0,163.26668,164.0,0.44714767
202.0,222.0,202.27878,155.0,30.502438
77.0,49.000008,77.27879,71.0,8.84337
76.0,127.0,76.27879,67.0,13.848946
30.0,69.0,30.246742,24.000008,26.028051
260.0,180.0,260.27878,202.0,28.85088
200.0,98.0,200.25317,211.0,5.0932827
54.0,82.0,54.278793,34.0,59.64351
211.0,225.0,211.2788,215.0,1.7307937
201.0,168.0,201.27628,180.0,11.820153
149.0,200.0,149.2788,183.0,18.42689
134.0,92.0,134.2788,128.0,4.9053073
189.0,211.0,189.80284,185.0,2.5961304
170.0,190.0,170.2788,148.0,15.05324
27.0,36.0,27.278801,32.000008,14.753768
29.000008,60.0,29.278801,39.000008,24.926167
32.000008,54.0,32.273987,30.000008,7.5799284
185.0,168.0,185.2788,149.0,24.348183
200.0,132.0,200.2788,260.0,22.969694
229.0,147.0,229.27878,218.0,5.1737514
178.0,152.0,178.2788,168.0,6.118329
26.0,62.0,26.278793,35.0,24.917734
156.0,194.0,156.24062,172.0,9.162433
175.0,222.0,175.2788,197.0,11.025993
136.0,105.0,136.2788,202.0,32.53525
173.0,172.0,173.2788,178.0,2.6523633
154.0,225.0,154.2788,151.0,2.1713865
160.0,205.0,160.2788,165.0,2.8613374
143.0,111.0,143.2788,114.0,25.683153
222.0,166.0,222.2473,169.0,31.507278
173.0,214.0,173.2788,162.0,6.9622183
37.0,43.0,37.2788,26.0,43.380005
144.0,125.0,144.2788,185.0,22.011463
236.0,237.0,236.25452,177.0,33.477127
186.0,178.0,186.26132,248.0,24.894629
142.0,47.0,142.2788,111.0,28.179094
243.0,203.0,243.27357,274.0,11.214024
233.0,213.0,233.27878,175.0,33.30216
44.0,94.0,44.27726,55.0,19.495892
216.0,185.0,216.2598,245.0,11.730696
38.000008,71.0,38.2788,44.0,13.002725
186.0,206.0,186.26022,204.0,8.695969
182.0,119.0,182.25845,208.0,12.375744
242.0,152.0,242.2788,210.0,15.370853
143.0,78.0,143.2788,142.0,0.90055865
99.0,20.000008,99.27879,105.0,5.448768
216.0,250.0,216.23874,229.0,5.5726027
178.0,200.0,178.2788,188.0,5.1708546
140.0,134.0,140.2788,151.0,7.1001368
148.0,242.0,148.27522,153.0,3.0880897
101.0,120.0,101.27879,68.0,48.9394
64.0,89.0,64.491005,82.0,21.352432
149.0,222.0,149.26414,167.0,10.620272
256.0,165.0,256.27878,266.0,3.6545947
126.0,188.0,126.27022,125.0,1.0161743
146.0,259.0,146.45035,159.0,7.892863
218.0,186.0,218.2788,201.0,8.596415
47.0,29.000008,47.272484,79.0,40.16141
29.000008,29.000008,29.278801,17.000008,72.228165
212.0,188.0,212.27878,204.0,4.0582247
175.0,135.0,175.2788,176.0,0.40977654
242.0,206.0,242.46552,146.0,66.07227
89.0,133.0,89.27879,80.0,11.598492
160.0,206.0,160.25989,164.0,2.2805562
193.0,201.0,193.2788,184.0,5.0428224
38.000008,64.0,38.2788,45.000008,14.936012
201.0,194.0,201.2788,207.0,2.7638679
204.0,156.0,204.37006,181.0,12.911633
226.0,204.0,226.27878,186.0,21.655256
147.0,132.0,147.23741,163.0,9.6703005
141.0,117.0,141.2788,146.0,3.2337031
172.0,122.0,172.2788,158.0,9.03721
129.0,261.0,129.27167,120.0,7.72639
23.0,41.0,23.261444,16.0,45.384026
144.0,186.0,144.2788,155.0,6.9169073
125.0,181.0,126.32691,142.0,11.037386
166.0,63.0,166.2788,112.0,48.463207
214.0,176.0,214.2788,202.0,6.0786104
77.0,121.0,77.26677,97.0,20.343536
194.0,190.0,194.2788,202.0,3.8223796
151.0,81.0,151.2788,158.0,4.253928
109.0,91.0,109.23401,125.0,12.612793
167.0,224.0,167.2788,195.0,14.216002
38.000008,76.0,38.261353,48.0,20.288849
180.0,153.0,180.2788,164.0,9.926093
102.0,191.0,102.27879,112.0,8.679648
38.000008,94.0,38.2788,45.000008,14.936012
141.0,162.0,141.2788,154.0,8.260524
150.0,219.0,150.2788,141.0,6.5807047
71.0,28.000008,71.2788,82.0,13.074634
82.0,15.000008,82.25733,89.0,7.576032
149.0,236.0,149.2788,197.0,24.223963
153.0,212.0,153.2788,169.0,9.302489
51.0,29.000008,51.2788,78.0,34.25795
187.0,223.0,187.30228,202.0,7.2761006
174.0,184.0,174.25497,180.0,3.191681
188.0,194.0,188.2788,204.0,7.706474
150.0,227.0,150.2788,159.0,5.4850354
162.0,161.0,162.543,172.0,5.498256
24.000008,62.0,24.278801,32.000008,24.128765
91.0,55.0,91.27879,77.0,18.543888
150.0,186.0,150.2788,151.0,0.4776203
60.0,15.000008,60.2788,60.0,0.46466827
153.0,163.0,153.26006,158.0,2.999965
220.0,226.0,220.27878,160.0,37.674236
37.0,52.000008,37.2788,54.0,30.965181
169.0,160.0,169.55966,177.0,4.203581
130.0,101.0,130.2788,118.0,10.405757
47.0,50.0,47.278793,38.000008,24.417852
192.0,184.0,192.27878,219.0,12.201471
200.0,172.0,200.2788,195.0,2.7070735
117.0,175.0,117.245255,121.0,3.1030955
142.0,235.0,142.2788,158.0,9.95013
149.0,226.0,149.2769,141.0,5.8701425
78.0,90.0,78.27879,62.0,26.256117
125.0,77.0,125.27879,139.0,9.871372
191.0,229.0,191.2788,189.0,1.2057108
196.0,188.0,196.25117,188.0,4.3889227
176.0,161.0,176.2788,177.0,0.4074614
96.0,225.0,96.27247,114.0,15.550466
83.0,41.0,83.27806,78.0,6.7667446
202.0,154.0,202.27878,197.0,2.6795828
117.0,103.0,117.27879,121.0,3.0753775
159.0,273.0,159.26363,139.0,14.578149
79.0,74.0,79.24081,103.0,23.067179
153.0,220.0,153.2788,245.0,37.43723
202.0,251.0,202.27878,213.99998,5.4771996
27.0,69.0,27.278801,16.0,70.49251
129.0,18.000008,129.2788,162.0,20.198275
110.0,113.0,112.61108,84.0,34.060806
216.0,212.0,216.25203,188.0,15.027675
143.0,242.0,143.2788,192.0,25.37563
186.0,203.0,186.2788,185.0,0.69123966
105.0,46.000008,105.27879,84.0,25.331896
213.0,79.0,213.26794,204.0,4.54311
113.0,212.0,113.453606,173.0,34.419884
131.0,233.0,131.2788,145.0,9.462901
82.0,15.000008,82.27879,92.0,10.566529
156.0,187.0,156.2788,233.0,32.92756
135.0,202.0,135.27313,170.0,20.42757
121.0,127.0,122.513504,169.0,27.506802
158.0,82.0,158.2788,146.0,8.410132
189.0,148.0,189.2788,173.0,9.409707
180.0,180.0,180.2788,227.0,20.58203
186.0,216.0,186.2788,148.0,25.86405
215.0,237.0,215.2788,260.0,17.200464
167.0,168.0,166.04129,142.0,16.930487
140.0,181.0,140.2782,117.0,19.895897
61.0,105.0,61.27761,44.0,39.2673
127.0,164.0,127.80034,171.0,25.26296
110.0,121.0,110.27879,118.0,6.5433955
160.0,144.0,160.2788,159.0,0.8042726
113.0,186.0,113.27879,100.0,13.278792
134.0,174.0,134.27243,158.0,15.017448
180.0,219.0,181.37167,113.0,60.50591
184.0,114.0,186.07016,143.0,30.118994
189.0,259.0,190.20326,218.0,12.750797
243.0,160.0,243.27878,257.0,5.338997
120.0,128.0,120.27879,159.0,24.35296
200.0,210.0,200.21748,186.0,7.6438084
174.0,186.0,174.2788,163.0,6.9195056
159.0,178.0,159.2661,143.0,11.374894
186.0,186.0,186.2788,209.0,10.871391
43.0,140.0,43.278793,52.0,16.771551
103.0,96.0,103.27879,101.0,2.256231
182.0,188.0,182.2788,130.0,40.214455
213.0,169.0,213.27878,203.0,5.0634375
26.0,82.0,26.278793,38.000008,30.845293
197.0,132.0,197.24335,197.0,0.123526484
204.0,103.0,204.34682,167.0,22.363363
16.0,26.0,16.278801,20.000008,18.606026
38.000008,52.000008,38.2788,62.0,38.26
140.0,164.0,140.2788,181.0,22.497904
176.0,142.0,176.31396,153.0,15.237885
136.0,190.0,136.26643,138.0,1.2562075
63.0,153.0,63.278797,83.0,23.760487
273.0,169.0,273.27878,214.0,27.700365
178.0,265.0,178.2788,134.0,33.043877
139.0,178.0,139.27762,150.0,7.148255
188.0,200.0,188.2525,152.0,23.85033
160.0,139.0,160.25484,178.0,9.9691925
160.0,160.0,160.2788,171.0,6.2697115
191.0,147.0,191.25563,171.0,11.845398
175.0,77.0,175.2788,224.0,21.750538
144.0,191.0,144.2788,168.0,14.119765
13.000008,45.000008,13.278801,21.000008,36.76764
96.0,37.0,96.27879,100.0,3.7212067
20.000008,34.0,20.278801,10.000008,102.78785
112.0,76.0,112.275246,111.0,1.14887
177.0,215.0,177.2788,160.0,10.799246
187.0,176.0,187.2788,186.0,0.6875233
210.0,155.0,210.25725,212.0,0.82205284
76.0,120.0,76.27795,61.000008,25.045797
212.0,190.0,212.27878,153.0,38.7443
198.0,156.0,198.27878,198.0,0.140797
149.0,144.0,149.2788,173.0,13.71168
185.0,177.0,185.2788,218.0,15.009728
36.0,33.0,38.964134,66.0,40.963432
19.0,25.000008,19.278793,10.000008,92.78778
56.000008,54.0,56.2788,36.000008,56.32997
197.0,161.0,197.2788,202.0,2.3372312
182.0,134.0,181.6466,160.0,13.529129
171.0,178.0,171.2788,195.0,12.1647215
100.0,150.0,100.27879,108.0,7.149266
248.0,224.0,248.27878,194.0,27.97875
56.000008,65.0,56.2788,41.0,37.26537
167.0,212.0,167.2788,148.0,13.026212
100.0,88.0,100.27078,112.0,10.472516
185.0,139.0,185.2788,164.0,12.9748745
97.0,91.0,97.27879,94.0,3.4880779
146.0,114.0,146.2788,91.0,60.745926
44.0,105.0,44.2788,88.0,49.68318
189.0,193.0,189.2788,167.0,13.340595
171.0,208.0,171.2788,205.0,16.44937
72.0,77.0,72.27879,86.0,15.954891
159.0,186.0,159.2788,162.0,1.6797572
184.0,196.0,184.27148,194.0,5.014699
128.0,72.0,128.30434,112.0,14.557444
71.0,52.000008,71.2397,87.0,18.115286
210.0,178.0,210.26015,206.0,2.0680325
13.000008,26.0,13.278801,21.000008,36.76764
18.000008,46.000008,18.278801,27.0,32.30074
105.0,153.0,104.95302,110.0,4.5881653
49.000008,104.0,49.2788,49.000008,0.5689659
158.0,169.0,158.2788,153.0,3.4501917
99.0,108.0,99.22964,64.0,55.046307
120.0,92.0,120.26075,121.0,0.6109505
190.0,264.0,190.2788,209.0,8.957515
203.0,257.0,203.27072,206.0,1.3248925
86.0,70.0,86.27879,79.0,9.213662
109.0,110.0,109.27879,111.0,1.5506366
226.0,166.0,226.26416,188.0,20.353277
151.0,156.0,151.2788,136.0,11.234407
112.0,82.0,112.27879,128.0,12.282192
162.0,200.0,162.2788,144.0,12.693606
37.0,79.0,37.2788,35.000008,6.5108366
118.0,79.0,118.2786,144.0,17.862082
170.0,171.0,170.2788,175.0,2.6978323
156.0,106.0,156.2788,213.0,26.629675
101.0,16.0,101.27246,129.0,21.494215
181.0,105.0,181.2788,193.0,6.073164
195.0,243.0,195.27472,174.0,12.22685
202.0,194.0,202.27847,201.0,0.6360562
161.0,143.0,161.22784,186.0,13.318363
67.0,113.0,67.28314,69.0,2.4881997
205.0,187.0,205.26132,212.0,3.1786218
220.0,238.0,220.27878,191.0,15.329203
235.0,176.0,235.2788,210.0,12.03752
114.0,177.0,114.27879,109.0,4.8429294
213.0,195.0,213.48396,159.0,34.266644
132.0,182.0,132.2788,142.0,6.8459206
173.0,174.0,173.2788,208.0,16.692886
233.0,136.0,234.22095,201.0,16.527834
86.0,92.0,86.27879,100.0,13.721207
152.0,192.0,152.2788,209.0,27.139334
38.000008,68.0,38.2788,60.0,36.202
138.0,56.000008,138.2788,128.0,8.030308
72.0,71.0,72.262665,80.0,9.671669
177.0,166.0,177.2788,174.0,1.884364
257.0,212.0,257.25742,178.0,44.526638
163.0,131.0,163.2788,234.99998,30.519659
107.0,158.0,107.27879,132.0,18.728186
190.0,255.0,190.2788,222.0,14.288833
172.0,164.0,172.25905,185.0,6.887001
110.0,142.0,110.27319,125.0,11.7814455
175.0,160.0,175.26685,213.0,17.715096
110.0,176.0,110.27879,94.0,17.317865
152.0,123.0,152.2788,171.0,10.948074
77.0,91.0,77.27879,67.0,15.341483
141.0,236.0,141.2788,145.0,2.5663495
54.0,38.000008,54.278793,43.0,26.229752
193.0,218.0,193.53116,229.0,15.488577
94.0,185.0,94.27168,76.0,24.041689
154.0,181.0,154.2788,149.0,3.5428145
209.0,162.0,209.27878,204.0,2.5876365
218.0,242.0,218.2788,160.0,36.424248
169.0,190.0,169.2788,180.0,5.956226
112.0,150.0,112.27879,164.0,31.537321
52.000008,109.0,52.2788,36.000008,45.21886
151.0,99.0,151.2788,155.0,2.4007785
170.0,242.0,170.2788,170.0,0.16399609
202.0,171.0,202.27878,147.0,37.60461
107.0,44.0,107.27879,123.0,12.781469
153.0,164.0,153.24239,194.0,21.00908
210.0,153.0,210.2788,206.0,2.0770843
176.0,150.0,176.2788,171.0,3.0870135
30.0,33.0,30.272354,28.000008,8.115521
191.0,184.0,191.2788,154.0,24.20701
188.0,174.0,188.26508,224.0,15.953091
171.0,159.0,171.27565,146.0,17.312088
164.0,194.0,164.27838,165.0,0.43734467
181.0,161.0,181.27261,175.0,3.5843506
211.0,197.0,211.2788,208.0,1.5763429
187.0,177.0,187.27771,145.0,29.157043
183.0,188.0,183.25188,192.0,4.5563145
162.0,215.0,162.2788,194.0,16.351137
261.0,188.0,261.27277,191.0,36.792027
219.0,268.0,219.27878,199.99998,9.639398
192.0,186.0,192.46367,187.0,2.921748
175.0,198.0,175.2788,187.0,6.2680254
105.0,229.0,105.27879,146.0,27.891237
67.0,109.0,67.27879,70.0,3.887438
151.0,187.0,154.64099,180.0,14.088339
148.0,196.0,148.27296,144.0,2.9673364
173.0,160.0,173.2788,200.0,13.360603
133.0,211.0,133.24915,135.0,1.2969292
163.0,161.0,163.2788,143.0,14.180975
124.0,51.0,124.27879,143.0,13.091753
65.0,113.0,65.27811,62.0,5.2872686
109.0,89.0,109.27879,109.0,0.2557737
76.0,62.0,76.27879,58.0,31.51516
36.0,69.0,36.608475,54.0,32.206528
38.000008,77.0,38.2788,37.0,3.456219
234.0,209.0,234.2765,267.0,12.255991
145.0,149.0,145.27191,190.0,23.5411
243.0,262.0,243.27519,256.0,4.970628
62.0,99.0,62.2788,43.0,44.83442
220.0,131.0,220.27878,155.0,42.11534
233.0,158.0,233.27878,190.0,22.778303
161.0,191.0,162.46457,181.0,10.24057
153.0,175.0,153.2788,187.0,18.032732
180.0,183.0,180.2788,148.0,21.809996
223.0,213.0,223.27878,164.0,36.1456
34.0,42.000008,34.277924,46.000008,25.482786
197.0,243.0,197.2788,170.0,16.04635
187.0,219.0,187.2788,219.0,14.48457
185.0,181.0,185.2788,181.0,2.3639743
10.000008,35.000008,10.278801,16.0,35.757492
57.0,136.0,57.25061,65.0,11.922138
121.0,161.0,121.27879,138.0,12.1168165
33.0,61.0,33.278793,30.0,10.929311
153.0,106.0,153.2788,149.0,2.8716733
203.0,182.0,203.2788,194.0,4.782883
127.0,103.0,127.25093,160.0,20.468168
180.0,180.0,180.2788,127.0,41.951805
92.0,66.0,92.26278,79.0,16.788328
197.0,180.0,197.2788,200.0,1.3606033
202.0,195.0,202.27878,178.0,13.639763
114.0,133.0,114.27879,140.0,18.37229
66.0,41.0,66.68022,74.0,9.891593
78.0,49.000008,78.27879,83.0,5.688201
94.0,116.0,94.26741,111.0,15.074405
204.0,208.0,204.25731,250.0,18.297077
172.0,167.0,172.2788,193.0,10.736377
111.0,87.0,111.27879,80.0,39.09849
102.0,131.0,102.27691,139.0,26.41949
235.0,198.0,235.2788,210.0,12.03752
206.0,220.0,206.27695,172.0,19.928457
124.0,112.0,124.27879,170.0,26.894829
112.0,41.0,112.27458,107.0,4.929516
105.0,86.0,105.27879,132.0,20.243338
120.0,91.0,120.27879,127.0,5.292289
235.0,143.0,235.25107,233.0,0.9661237
41.0,97.0,41.2788,49.000008,15.757563
168.0,167.0,168.2788,176.0,4.387049
22.000008,47.0,22.278801,23.000008,3.13568
187.0,138.0,187.26976,250.0,25.092094
175.0,144.0,175.26096,163.0,7.5220585
130.0,114.0,130.2788,156.0,16.487953
192.0,211.0,192.27878,194.0,0.8872278
191.0,229.0,191.2788,193.0,0.8918169
163.0,176.0,163.27861,150.0,8.8524065
230.0,204.0,230.27878,215.0,7.1064086
67.0,133.0,67.27879,78.0,13.745136
209.0,156.0,209.27878,171.0,22.38525
76.0,46.000008,76.27879,99.0,22.950714
166.0,180.0,166.30339,168.0,1.0098866
70.0,100.0,70.27879,71.0,1.015784
176.0,213.0,176.27585,176.0,0.15673204
145.0,158.0,144.3107,164.0,12.0056715
138.0,154.0,138.2788,86.0,60.78929
80.0,50.0,80.27879,52.000008,54.38227
70.0,49.000008,70.243546,70.0,0.34792218
164.0,196.0,164.2788,198.0,17.030912
141.0,200.0,141.26942,169.0,16.408625
152.0,189.0,152.2788,153.0,0.4713769
262.0,267.0,262.27878,165.0,58.956837
62.0,42.000008,62.2788,54.0,15.331114
146.0,158.0,146.2776,106.0,37.997738
190.0,181.0,190.2788,202.0,5.802578
202.0,235.0,202.27519,149.0,35.755165
203.0,178.0,203.27203,183.0,11.077614
180.0,185.0,180.27815,192.0,6.1051292
16.0,56.000008,16.278801,10.000008,62.787884
167.0,109.0,167.2788,144.0,16.165829
136.0,131.0,136.2788,149.0,8.537723
77.0,117.0,77.27879,68.0,13.645284
159.0,201.0,159.2479,203.0,21.552761
174.0,144.0,174.2788,187.0,6.8027844
154.0,165.0,154.2788,205.0,24.742052
214.0,233.0,214.2788,152.0,40.972893
251.0,200.0,251.27878,225.0,11.679457
201.0,178.0,201.2788,161.0,25.017885
54.0,65.0,52.40677,30.0,74.689224
135.0,44.0,135.2788,112.0,20.784637
131.0,123.0,131.2788,133.0,1.2941403
32.000008,43.0,32.26796,27.0,19.510962
150.0,230.0,150.2788,198.0,24.10162
133.0,96.0,133.27603,126.0,5.774628
84.0,21.000008,84.27879,69.0,22.143179
220.0,166.0,220.27878,258.0,14.620629
208.0,152.0,208.25409,163.0,27.763245
206.0,186.0,206.27536,169.0,22.056427
224.0,97.0,224.2518,187.0,19.920748
153.0,196.0,153.26051,159.0,3.60974
186.0,225.0,186.2677,173.0,7.669191
59.000008,64.0,59.2788,45.000008,31.730646
165.0,217.0,165.27704,215.0,23.126959
180.0,132.0,180.2585,192.0,6.115365
106.0,164.0,106.27418,152.0,30.082777
147.0,189.0,147.00745,180.0,18.329197
42.000008,71.0,42.2788,40.000008,5.6969824
12.0,27.0,12.25164,20.000008,38.74182
153.0,195.0,153.2629,150.0,2.1752625
100.0,43.0,100.27439,121.0,17.128601
54.0,62.0,54.278793,38.000008,42.8389
169.0,229.0,169.2788,218.0,22.349176
154.0,203.0,154.2788,176.0,12.341595
162.0,172.0,162.26978,180.0,9.850125
197.0,225.0,197.2788,183.0,7.802619
27.0,52.000008,27.278801,42.000008,35.050484
108.0,71.0,108.27583,132.0,17.972855
164.0,170.0,164.27351,204.0,19.473766
166.0,180.0,166.33218,160.0,3.9576151
118.0,135.0,118.262596,146.0,18.998222
81.0,27.0,81.27879,56.000008,45.140682
69.0,122.0,69.27879,82.0,15.513666
72.0,58.0,72.26611,70.0,3.237305
188.0,191.0,188.56522,204.0,7.5660706
21.000008,47.0,21.278801,13.000008,63.682983
118.0,148.0,118.27879,105.0,12.646469
113.0,153.0,113.27247,127.0,10.809079
208.0,205.0,208.26096,196.0,6.2555895
180.0,202.0,180.30576,156.0,15.580612
224.0,200.0,224.2788,189.0,18.666027
202.0,177.0,202.26083,206.0,1.8151293
193.0,164.0,193.2788,193.0,0.14445251
192.0,196.0,192.27649,202.0,4.813619
218.0,177.0,218.2788,202.0,8.058808
177.0,88.0,177.2172,132.0,34.25545
130.0,109.0,130.25041,148.0,11.992965
163.0,109.0,163.2788,130.0,25.599072
94.0,125.0,94.27879,75.0,25.705057
44.0,22.000008,44.62977,51.0,12.49065
132.0,234.0,132.2788,113.0,17.060879
121.0,57.0,121.27879,83.0,46.11903
107.0,46.000008,107.27879,107.0,0.26055452
103.0,54.0,103.27879,127.0,18.678116
148.0,181.0,150.67682,138.0,9.186101
156.0,183.0,156.82085,175.0,10.388087
175.0,227.0,175.2788,237.0,26.042704
154.0,110.0,154.2788,119.0,29.646046
71.0,19.0,71.2788,88.0,19.001364
87.0,30.0,88.72003,128.0,30.687475
144.0,233.0,144.24847,90.0,60.276085
159.0,164.0,159.2788,170.0,6.3065925
74.0,30.0,74.27879,71.0,4.618019
27.0,32.000008,27.278801,30.0,9.070663
32.000008,70.0,32.2788,39.000008,17.23386
136.0,185.0,136.2788,163.0,16.39338
159.0,188.0,159.26108,194.0,17.906662
196.0,190.0,196.26518,213.0,7.8567224
41.0,71.0,41.2788,47.0,12.172764
75.0,126.0,75.27879,62.0,21.41741
80.0,191.0,80.27879,97.0,17.238358
47.0,59.000008,47.278793,41.0,15.314131
182.0,143.0,182.2629,204.0,10.655444
140.0,116.0,140.2788,109.0,28.69614
188.0,167.0,188.26407,203.0,7.25908
229.0,206.0,229.27878,192.0,19.416029
55.0,75.0,55.24518,51.0,8.323879
190.0,204.0,190.25624,236.0,19.38295
178.0,120.0,179.27692,171.0,4.840302
170.0,235.0,170.23782,190.0,10.401145
34.0,70.0,34.2788,38.000008,9.792647
127.0,89.0,127.27879,112.0,13.641779
89.0,167.0,89.27879,91.0,1.8914359
205.0,218.0,205.27878,220.0,6.691465
143.0,239.0,143.2788,152.0,5.737636
97.0,83.0,97.27879,80.0,21.598492
186.0,197.0,186.27106,175.0,6.4406037
140.0,122.0,140.27821,132.0,6.271374
200.0,172.0,200.2637,116.0,72.64112
219.0,175.0,219.27878,192.0,14.207697
197.0,149.0,197.2788,156.0,26.460764
175.0,168.0,175.27478,191.0,8.233099
124.0,136.0,124.27879,136.0,8.618534
56.000008,36.0,56.2788,84.0,33.00143
260.0,193.0,254.37454,215.0,18.31374
82.0,108.0,82.26233,104.0,20.901608
158.0,175.0,158.2788,156.0,1.4607649
125.0,204.0,125.2776,153.0,18.119213
146.0,101.0,146.26921,147.0,0.49713552
237.0,168.0,237.2774,209.0,13.52986
160.0,171.0,159.87662,152.0,5.181985
61.0,122.0,61.278793,76.0,19.370008
198.0,238.0,198.27878,198.0,0.140797
173.0,185.0,173.25085,153.0,13.235852
102.0,112.0,102.27879,76.0,34.577362
176.0,210.0,179.66121,197.0,8.801417
142.0,130.0,142.2788,135.0,5.391699
127.0,206.0,127.27619,140.0,9.088434
182.0,187.0,182.2788,187.0,2.5247095
150.0,177.0,150.2788,134.0,12.148354
212.0,202.0,212.27878,206.99998,2.5501418
149.0,182.0,149.2788,198.0,24.60667
211.0,110.0,211.2788,162.0,30.419006
185.0,172.0,185.27484,197.0,5.951857
160.0,146.0,160.25925,169.0,5.1720433
198.0,138.0,198.26045,225.0,11.884244
132.0,154.0,132.2788,92.0,43.7813
174.0,230.0,174.2788,175.0,0.4121181
188.0,187.0,188.2788,170.0,10.752232
224.0,168.0,224.27255,201.0,11.578384
148.0,129.0,148.2615,151.0,1.8135729
104.0,120.0,104.27879,97.0,7.5039105
180.0,208.0,180.2788,185.0,2.5520036
100.0,172.0,100.27879,134.0,25.165081
71.0,113.0,71.22856,44.0,61.88309
173.0,204.0,173.25827,190.0,8.811437
93.0,87.0,93.27879,32.000008,191.49615
164.0,213.0,164.2788,224.0,26.661253
172.0,194.0,172.2788,188.0,8.362344
38.000008,86.0,38.2788,24.000008,59.494953
144.0,209.0,144.2788,134.0,7.6707416
172.0,181.0,172.2788,173.0,0.4168825
159.0,202.0,159.2788,211.0,24.51242
195.0,184.0,195.27547,177.0,10.325123
121.0,54.0,121.256645,121.0,0.21210347
146.0,167.0,146.26772,178.0,17.827126
218.0,229.0,218.27591,218.0,0.12656395
135.0,226.0,135.27856,143.0,5.3996053
180.0,163.0,180.27702,196.0,8.021927
210.0,146.0,210.27289,218.0,3.5445466
204.0,217.0,204.25848,194.0,5.287878
84.0,36.0,84.27879,68.0,23.939402
197.0,190.0,197.26984,248.0,20.455711
114.0,94.0,114.27879,189.0,39.53503
56.000008,94.0,56.2788,88.00001,36.046825
10.000008,36.0,10.278801,20.000008,48.606014
117.0,19.0,117.27879,101.0,16.117617
40.0,44.0,40.234695,28.0,43.69534
61.0,94.0,61.278793,71.0,13.691841
170.0,182.0,170.2686,156.0,9.146539
65.0,134.0,65.27879,99.0,34.061825
212.0,173.0,212.27573,197.0,7.754176
100.0,125.0,100.277016,130.0,22.863834
176.0,189.0,176.2788,170.0,3.6934078
208.0,148.0,205.06119,178.0,15.202914
204.0,188.0,204.2788,201.0,1.6312406
185.0,202.0,185.25626,243.0,23.762857
192.0,110.0,192.27878,136.0,41.381454
175.0,202.0,175.42996,164.0,6.969489
114.0,118.0,114.27879,110.0,3.8898122
185.0,163.0,185.2788,237.0,21.823294
239.0,213.0,239.2788,176.0,35.953857
133.0,247.0,133.2788,126.0,5.77682
161.0,168.0,161.27338,162.0,0.44853306
151.0,109.0,151.2788,177.0,14.531755
140.0,79.0,140.2788,109.0,28.69614
62.0,112.0,62.27697,60.0,3.7949498
225.0,148.0,225.2788,162.0,39.06098
28.000008,30.0,28.278801,20.000008,41.39395
18.000008,37.0,18.278801,16.000008,14.242451
164.0,98.0,164.2788,192.0,14.438128
128.0,87.0,128.2788,123.0,4.2917023
142.0,126.0,142.2788,169.0,15.811364
88.0,35.000008,88.27879,78.0,13.17794
45.000008,74.0,45.2788,35.000008,29.367975
200.0,209.0,200.2788,202.0,0.8520825
142.0,175.0,147.14519,132.0,11.473627
97.0,197.0,97.27879,104.0,6.4626985
113.0,150.0,113.45132,94.0,20.69289
112.0,49.000008,112.26569,87.0,29.041027
207.0,155.0,207.2788,180.0,15.154884
169.0,178.0,169.2788,210.0,19.39105
188.0,233.0,188.27534,251.0,24.989902
41.0,56.000008,41.2788,24.000008,71.99495
181.0,215.0,180.74458,200.0,9.627708
132.0,79.0,132.2788,131.0,0.97617817
194.0,162.0,194.2788,207.0,6.1455107
161.0,244.0,161.2788,203.0,20.552319
82.0,81.0,82.27814,72.0,14.27519
167.0,192.0,167.2788,174.0,3.8627625
163.0,205.0,163.2788,158.0,3.3410084
133.0,176.0,133.27016,178.0,25.129124
131.0,197.0,128.06323,119.0,7.6161613
181.0,166.0,181.27193,195.0,7.040037
111.0,79.0,111.264786,133.0,16.342266
192.0,220.0,192.27878,233.0,17.47692
139.0,119.0,139.2788,191.0,27.079165
170.0,107.0,170.2788,147.0,15.835914
135.0,125.0,135.2788,110.0,22.98072
14.000008,35.000008,14.539543,10.000008,45.39532
35.000008,56.000008,35.2788,38.000008,7.161069
181.0,180.0,181.27637,152.0,19.260769
130.0,170.0,130.2987,125.0,4.238965
178.0,225.0,178.2788,176.0,1.2947689
153.0,144.0,153.2788,169.0,9.302489
215.0,257.0,215.24661,210.0,2.498387
37.0,65.0,37.27664,47.0,20.687996
43.0,69.0,43.278793,25.0,73.11517
35.000008,64.0,35.2788,26.000008,35.687656
67.0,103.0,67.27879,75.0,10.294943
138.0,84.0,138.2788,106.0,30.45169
134.0,197.0,134.2788,173.0,22.3822
196.0,156.0,196.27545,178.0,10.267108
23.0,65.0,23.274948,19.0,22.499727
168.0,208.0,168.26166,166.0,1.3624444
37.0,34.0,37.2788,30.0,24.26267
211.0,192.0,211.26602,201.0,5.1074734
117.0,23.0,117.27879,113.0,3.7865427
84.0,202.0,84.27879,131.0,35.665043
20.000008,42.000008,20.278801,41.0,50.539513
81.0,104.0,81.27879,78.0,4.203581
172.0,184.0,172.27142,149.0,15.618404
186.0,223.0,186.24579,161.0,15.680614
158.0,235.0,158.2788,227.0,30.273659
194.0,195.0,194.2788,172.0,12.952786
172.0,134.0,172.2788,210.0,17.962479
91.0,207.0,91.27879,114.0,19.930883
193.0,232.0,193.2788,214.0,9.682807
169.0,160.0,169.2788,195.0,13.190362
166.0,181.0,166.27122,180.0,7.6270976
229.0,189.0,229.27563,166.0,38.11785
142.0,151.0,142.2788,163.0,12.712397
148.0,218.0,148.27065,151.0,1.8075198
164.0,216.0,164.2788,161.0,2.0365176
176.0,223.0,176.2788,226.0,22.000534
60.0,89.0,60.2788,72.0,16.279442
215.0,211.0,215.27365,198.0,8.724066
112.0,142.0,112.27102,107.0,4.926186
116.0,180.0,116.27879,118.0,1.4586498
35.000008,75.0,35.2788,22.000008,60.35813
70.0,70.0,70.278244,87.0,19.22041
192.0,192.0,192.27878,163.0,17.96244
78.0,18.000008,78.27879,47.000008,66.5506
188.0,177.0,188.27829,182.0,3.4496098
205.0,134.0,205.27878,174.0,17.976309
209.0,242.0,209.46759,178.0,17.678421
80.0,89.0,80.27879,65.0,23.505835
202.0,202.0,202.27335,203.0,0.35795766
133.0,69.0,133.2788,140.0,4.8008623
163.0,153.0,163.2788,186.0,12.215702
196.0,194.0,196.2788,196.0,0.14224151
186.0,180.0,186.24738,220.0,15.342101
220.0,217.0,220.27878,189.0,16.549618
44.0,77.0,44.248863,56.0,20.984173
194.0,162.0,194.2788,181.0,7.33635
10.000008,49.000008,10.278801,22.0,53.27818
151.0,148.0,151.2788,175.0,13.5549755
42.000008,36.0,42.255844,30.0,40.852814
83.0,110.0,83.27176,97.0,14.152826
119.0,156.0,119.27879,146.0,18.302197
49.000008,83.0,49.2788,44.0,11.997275
80.0,149.0,80.27879,79.0,1.6187258
195.0,200.0,195.33054,222.0,12.013272
227.0,182.0,227.27878,168.0,35.28499
153.0,146.0,153.25218,142.0,7.924072
106.0,159.0,106.233,114.0,6.8131566
187.0,154.0,187.2788,223.0,16.018478
114.0,38.000008,114.27879,93.0,22.880423
176.0,171.0,178.29669,184.0,3.099624
264.0,156.0,264.27878,199.99998,32.1394
166.0,178.0,166.2788,225.0,26.098314
86.0,93.0,86.27879,52.000008,65.92073
70.0,100.0,70.27879,54.0,30.145914
236.0,175.0,236.2546,216.0,9.377127
30.0,99.0,30.26056,47.0,35.615833
219.0,146.0,219.27878,184.0,19.17325
203.0,182.0,203.2788,171.0,18.876488
16.0,54.0,16.262718,45.000008,63.86063
84.0,38.000008,84.27879,94.0,10.341709
176.0,191.0,176.2788,224.0,21.30411
188.0,260.0,188.26309,171.0,10.095376
101.0,45.000008,101.27879,77.0,31.530901
153.0,235.0,153.2788,174.0,11.90874
98.0,29.000008,98.27879,109.0,9.83597
167.0,195.0,167.2788,180.0,7.067337
174.0,210.0,174.2788,176.0,0.9779584
134.0,188.0,134.24622,139.0,3.4199886
189.0,74.0,189.2788,132.0,43.393024
30.0,35.000008,30.273895,28.000008,8.121025
225.0,134.0,225.2788,225.0,0.12390815
138.0,194.0,138.2788,125.0,10.6230345
26.0,55.0,26.278793,34.0,22.70943
18.000008,54.0,18.268959,32.000008,42.90952
39.000008,30.0,39.2788,36.000008,9.107758
45.000008,97.0,45.2788,38.000008,19.154716
136.0,162.0,136.2788,160.0,14.825754
155.0,218.0,155.2788,182.0,14.681981
17.000008,24.000008,17.278801,14.000008,23.419939
89.0,150.0,89.27879,104.0,14.155006
84.0,77.0,84.27879,72.0,17.05388
198.0,208.0,198.57724,204.0,2.6582158
90.0,110.0,90.27877,75.0,20.371693
222.0,202.0,222.21304,203.0,9.464553
174.0,192.0,174.2788,202.0,13.723369
159.0,153.0,159.26141,205.0,22.311506
37.0,78.0,37.2788,57.0,34.598595
98.0,117.0,98.27879,110.0,10.6556425
152.0,166.0,152.2788,135.0,12.799107
175.0,206.0,175.2788,195.0,10.113439
75.0,100.0,75.27879,82.0,8.196594
144.0,121.0,144.2788,110.0,31.162539
110.0,88.0,110.27879,139.0,20.662739
248.0,206.0,248.27878,269.0,7.7030563
163.0,209.0,163.2788,175.0,6.697832
202.0,132.0,202.27878,220.0,8.0551
258.0,208.0,258.27878,198.0,30.443827
212.0,146.0,212.27878,181.0,17.281094
164.0,108.0,164.25023,147.0,11.734849
69.0,81.0,69.27329,82.0,15.520374
240.0,161.0,240.24579,201.0,19.525269
62.0,81.0,62.2788,42.000008,48.282833
216.0,197.0,216.26814,236.0,8.360956
193.0,228.0,193.2788,180.0,7.3771076
203.0,214.0,205.06082,230.0,10.843122
180.0,128.0,180.27782,187.0,3.5947506
154.0,181.0,154.2788,152.0,1.4992061
118.0,205.0,118.27879,138.0,14.2907295
138.0,147.0,138.2788,124.0,11.515156
198.0,101.0,198.27878,138.0,43.680275
45.000008,78.0,45.269547,50.000008,9.460921
189.0,165.0,189.2788,181.0,4.573919
205.0,142.0,205.66202,194.0,6.011349
177.0,198.0,177.2788,187.0,5.1985064
218.0,180.0,218.264,264.0,17.32424
144.0,203.0,144.26573,109.0,32.35388
203.0,196.0,203.2788,192.0,5.8743715
117.0,173.0,117.26257,100.0,17.262573
155.0,195.0,157.20486,172.0,8.601823
205.0,215.0,205.57285,197.0,4.3516984
103.0,35.000008,103.26892,86.0,20.080141
144.0,110.0,144.2788,146.0,1.1789087
25.000008,38.000008,25.278801,37.0,31.678915
215.0,216.0,215.2788,212.0,1.5466007
203.0,186.0,203.26346,165.0,23.189976
71.0,101.0,72.576385,67.0,8.322963
244.0,204.0,244.27097,170.0,43.688805
80.0,78.0,80.26062,78.0,2.898231
158.0,162.0,158.2788,141.0,12.254463
220.0,243.0,220.25092,243.0,9.361763
114.0,178.0,114.27879,110.0,3.8898122
55.0,104.0,55.2788,56.000008,1.2878689
34.0,56.000008,34.2788,42.000008,18.383821
201.0,177.0,201.27292,209.0,3.697168
71.0,58.0,71.2788,91.0,21.671646
46.000008,69.0,46.2788,43.000008,7.625099
96.0,205.0,96.66802,129.0,25.063547
177.0,186.0,177.97961,190.0,6.326519
20.000008,44.0,22.184715,25.000008,11.261166
159.0,170.0,159.2738,185.0,13.906053
198.0,230.0,198.79007,206.99998,3.966143
163.0,197.0,163.2788,132.0,23.696056
177.0,195.0,177.27112,212.0,16.381548
175.0,212.0,175.2788,163.0,7.533002
79.0,42.000008,79.27879,91.0,12.880447
161.0,112.0,161.26212,172.0,6.242956
78.0,83.0,78.27533,101.0,22.499674
202.0,195.0,202.27878,192.0,5.35353
150.0,138.0,150.2788,153.0,1.7785665
243.0,266.0,243.2235,261.99997,7.1665945
218.0,147.0,218.24763,260.0,16.058601
41.0,118.0,41.2788,66.0,37.456364
194.0,184.0,194.24411,182.0,6.727533
201.0,172.0,201.2343,180.0,11.796833
175.0,181.0,175.25478,164.0,6.862668
88.0,76.0,88.27341,70.0,26.104868
214.0,220.0,214.27194,187.0,14.583926
81.0,150.0,81.25404,102.0,20.339172
214.0,163.0,214.2788,203.0,5.556056
201.0,196.0,201.27756,185.0,8.798679
208.0,204.0,208.2788,216.0,3.574633
126.0,118.0,126.27299,118.0,7.011006
161.0,132.0,161.2788,142.0,13.576614
14.000008,30.0,14.213692,17.000008,16.390087
176.0,180.0,176.26135,175.0,0.72077286
35.000008,78.0,35.2788,27.0,30.662228
194.0,164.0,194.2788,156.0,24.53769
232.0,187.0,232.2788,176.0,31.976587
22.000008,41.0,22.278801,22.000008,1.267242
163.0,154.0,163.25186,118.0,38.349037
117.0,68.0,117.264565,138.0,15.025679
181.0,163.0,181.2788,215.0,15.684282
135.0,167.0,135.2788,189.0,28.42392
113.0,84.0,113.277756,81.0,39.849083
178.0,185.0,178.2788,165.0,8.047753
116.0,149.0,116.27879,134.0,13.224781
13.000008,49.000008,13.278801,10.000008,32.787907
102.0,132.0,102.27879,134.0,23.672543
176.0,162.0,176.2788,185.0,4.7141657
197.0,138.0,197.2788,180.0,9.59933
180.0,153.0,180.2788,234.99998,23.285616
78.0,114.0,78.27879,136.0,42.442062
194.0,191.0,194.2788,162.0,19.925182
99.0,160.0,99.27879,140.0,29.086575
132.0,124.0,132.27621,151.0,12.399858
169.0,143.0,169.2788,153.0,10.639734
203.0,187.0,203.26839,212.0,4.1186852
82.0,102.0,82.27879,42.0,95.901886
178.0,197.0,178.36928,208.0,14.24554
178.0,219.0,178.24333,188.0,5.1897173
212.0,198.0,212.2706,230.0,7.7084346
21.000008,78.0,21.278801,59.000008,63.934242
219.0,188.0,219.27728,229.0,4.2457285
208.0,209.0,208.2788,177.0,17.671635
164.0,139.0,164.2788,130.0,26.368301
140.0,135.0,140.2788,102.0,37.52823
156.0,150.0,156.2788,154.0,1.479736
126.0,82.0,126.26158,120.0,5.2179847
171.0,110.0,171.2788,136.0,25.94029
21.000008,38.000008,21.278801,16.0,32.992508
171.0,213.0,171.2788,186.0,7.9146276
28.000008,70.0,28.278778,27.0,4.736215
218.0,188.0,218.9332,209.0,4.7527256
189.0,215.0,189.2788,160.0,18.299246
214.0,181.0,214.2788,224.0,4.339824
181.0,180.0,181.27043,170.0,6.629666
165.0,176.0,165.2788,174.0,5.012188
97.0,120.0,97.27879,104.0,6.4626985
213.0,187.0,213.27878,144.0,48.11026
83.0,65.0,83.27321,59.000008,41.141014
195.0,187.0,195.268,220.0,11.241816
79.0,74.0,79.78594,107.0,25.433699
46.000008,35.000008,48.049774,48.0,0.10369619
51.0,67.0,51.27146,37.0,38.571518
82.0,86.0,82.27879,77.0,6.8555756
175.0,133.0,175.27734,187.0,6.2688003
100.0,166.0,100.27879,105.0,4.4963875
202.0,153.0,202.26697,222.0,8.888754
206.0,232.0,206.2742,186.0,10.900107
54.0,118.0,54.278793,63.0,13.843184
76.0,110.0,76.27425,78.0,2.2125049
37.0,32.000008,37.27485,59.0,36.82229
113.0,85.0,113.27631,128.0,11.50288
78.0,38.000008,78.26242,82.0,4.5580235
32.000008,94.0,32.2788,28.000008,15.2814
194.0,225.0,194.2788,159.0,22.18792
208.0,174.0,208.26764,232.0,10.229466
184.0,174.0,184.2788,167.0,10.346582
72.0,108.0,72.27879,70.0,3.255419
178.0,144.0,178.32477,133.0,34.078773
42.000008,78.0,42.2788,56.000008,24.502151
71.0,56.000008,71.2788,80.0,10.901499
89.0,80.0,89.272644,64.0,39.488506
218.0,172.0,221.18161,187.0,18.278936
194.0,152.0,194.2788,170.0,14.281643
67.0,107.0,67.25866,78.0,13.77095
164.0,148.0,164.2788,153.0,7.3717604
147.0,108.0,147.2788,172.0,14.372794
206.0,181.0,206.27185,208.0,0.83084106
188.0,216.0,188.2788,234.0,19.538979
126.0,100.0,126.27879,105.0,20.265518
145.0,232.0,145.2788,156.0,6.872568
181.0,214.0,181.24863,195.0,7.0519867
188.0,177.0,188.27107,238.0,20.894508
171.0,160.0,171.26622,192.0,10.798844
209.0,244.0,209.27454,132.0,58.541317
176.0,222.0,182.95135,186.0,1.6390564
162.0,107.0,162.26407,211.0,23.097599
110.0,60.0,110.27879,162.0,31.92667
97.0,125.0,97.27879,76.0,27.998411
169.0,194.0,169.2685,153.0,10.633002
192.0,213.0,192.27878,220.0,12.600556
79.0,132.0,79.44324,117.0,32.0998
30.0,86.0,30.278801,37.0,18.165401
209.0,232.0,209.27878,207.0,1.1008589
162.0,171.0,162.80112,144.0,13.056332
162.0,84.0,162.2788,224.0,27.55411
126.0,181.0,126.27879,143.0,11.693151
109.0,17.000008,109.26711,88.0,24.167173
102.0,141.0,102.27879,138.0,25.884932
210.0,133.0,210.2788,240.0,12.383836
191.0,205.0,191.2788,204.0,6.2358856
147.0,177.0,147.2788,188.0,21.660215
63.0,100.0,63.278797,44.0,43.81545
128.0,27.0,128.26512,114.0,12.513265
87.0,107.0,87.27879,76.0,14.840518
20.000008,57.0,20.278801,23.0,11.8313
49.000008,18.000008,49.2788,39.000008,26.355875
24.000008,76.0,24.278801,21.000008,15.6132965
194.0,198.0,194.22281,198.0,1.9076724
77.0,94.0,77.27879,62.0,24.643215
156.0,216.0,158.43765,176.0,9.978606
98.0,71.0,98.27879,110.0,10.6556425
138.0,133.0,139.11087,170.0,18.170076
65.0,111.0,65.242584,71.0,8.109036
158.0,140.0,158.2788,233.0,32.069187
215.0,203.0,215.25795,191.0,12.700497
194.0,198.0,194.2788,234.99998,17.328167
210.0,240.0,210.2771,218.0,3.5426147
79.0,96.0,79.27879,64.0,23.873116
76.0,186.0,76.27879,98.0,22.164497
160.0,208.0,160.2788,209.0,23.311583
192.0,141.0,192.27878,170.0,13.105163
69.0,42.000008,69.27879,79.0,12.305325
171.0,165.0,171.2788,156.0,9.794098
226.0,174.0,227.00217,239.0,5.020014
92.0,152.0,92.26457,121.0,23.748287
153.0,140.0,153.2788,140.0,9.484852
234.0,240.0,234.27657,153.0,53.121937
158.0,103.0,158.2788,176.0,10.068868
86.0,155.0,86.227806,129.0,33.156742
166.0,218.0,166.2788,202.0,17.683765
101.0,206.0,101.82877,118.0,13.70443
202.0,207.0,202.27878,164.0,23.34072
187.0,117.0,187.25235,150.0,24.8349
168.0,170.0,168.2788,172.0,2.1634924
184.0,159.0,184.34845,191.0,3.482487
159.0,190.0,159.2788,175.0,8.983546
184.0,271.0,184.27083,195.0,5.5021396
175.0,205.0,175.2788,153.0,14.561303
45.000008,117.0,45.2788,77.0,41.19636
205.0,160.0,205.27878,177.0,15.97671
194.0,158.0,194.2716,131.0,48.29894
205.0,236.0,205.27878,260.99997,21.34912
220.0,145.0,220.27878,197.0,11.816639
198.0,220.0,198.26965,184.0,7.755246
146.0,118.0,146.27118,180.0,18.738234
250.0,158.0,250.27261,212.0,18.05312
130.0,171.0,130.2788,142.0,8.254371
114.0,99.0,114.27879,151.0,24.31868
49.000008,102.0,49.2491,38.000008,29.602867
126.0,215.0,126.27879,167.0,24.383957
233.0,151.0,233.27014,194.0,20.24234
32.000008,88.0,32.2788,16.000008,101.74241
183.0,161.0,183.2788,144.0,27.27694
59.000008,117.0,59.277725,67.0,11.525783
183.0,200.0,183.26976,225.0,18.546774
200.0,252.99998,200.27307,186.0,7.673694
192.0,205.0,192.27878,211.0,8.872617
161.0,205.0,161.2748,181.0,10.897903
162.0,228.0,162.2788,177.0,8.317066
58.0,33.0,58.2788,71.0,17.917181
30.0,34.0,30.252716,18.000008,68.07057
32.000008,76.0,32.657433,35.000008,6.6930704
59.000008,44.0,59.26728,79.0,24.978127
189.0,177.0,189.27184,171.0,10.685284
177.0,245.0,177.2788,170.0,4.281643
64.0,97.0,64.2788,74.0,13.136755
181.0,191.0,180.672,178.0,1.5011219
99.0,79.0,99.26248,105.0,5.464303
198.0,192.0,198.27316,193.0,2.7322087
187.0,175.0,187.26079,205.0,8.653275
66.0,105.0,66.2788,83.0,20.146023
209.0,166.0,209.27878,183.0,14.359988
186.0,231.0,186.27135,194.0,3.983842
152.0,194.0,152.2788,177.0,13.966784
227.0,210.0,227.25037,234.0,2.884459
90.0,201.0,90.27879,145.0,37.738766
166.0,178.0,166.27806,229.0,27.389494
154.0,92.0,154.2767,213.0,27.569622
148.0,194.0,148.39253,146.0,1.6387208
139.0,119.0,139.2788,117.0,19.041704
166.0,163.0,166.2788,161.0,3.2787535
207.0,172.0,207.2788,185.0,12.042591
205.0,203.0,205.27878,213.0,3.624987
176.0,123.0,176.2788,167.0,5.556164
147.0,103.0,147.27364,117.0,25.874905
104.0,99.0,104.27879,102.0,2.234111
155.0,185.0,155.2733,166.0,6.461868
38.000008,88.0,38.2788,32.000008,19.621225
130.0,107.0,130.2788,131.0,0.55053943
151.0,181.0,151.2788,159.0,4.856105
219.0,205.0,219.27878,199.99998,9.639398
136.0,105.0,136.2788,113.0,20.600702
138.0,128.0,138.2788,176.0,21.432505
56.000008,68.0,56.2788,50.000008,12.557584
190.0,192.0,190.25027,176.0,8.096747
107.0,138.0,109.49726,120.0,8.752283
20.000008,30.0,20.278801,16.0,26.742506
99.0,69.0,99.27879,86.0,15.440458
207.0,158.0,207.2767,197.0,5.2166004
138.0,149.0,138.2788,152.0,9.027109
183.0,215.0,183.2788,150.0,22.185862
156.0,151.0,156.2788,161.0,2.9324265
133.0,120.0,133.2788,158.0,15.646334
22.000008,27.0,22.261429,13.000015,71.241554
49.000008,116.0,49.2788,41.0,20.192198
72.0,29.000008,72.27879,81.0,10.766922
160.0,169.0,159.21808,215.0,25.94508
160.0,175.0,160.278,234.99998,31.796593
155.0,171.0,155.26662,154.0,0.8224784
187.0,220.0,187.2788,187.0,0.14908734
54.0,82.0,54.278793,54.0,0.5162839
232.0,219.0,232.27301,220.0,5.578641
191.0,167.0,191.26526,197.0,2.911036
74.0,23.0,74.27879,96.0,22.626257
190.0,205.0,189.96577,188.0,1.0456247
34.0,101.0,34.2788,38.000008,9.792647
156.0,158.0,156.2788,198.0,21.071316
202.0,200.0,202.27878,202.0,0.13800894
117.0,163.0,117.27879,114.0,2.8761346
152.0,160.0,150.43983,162.0,7.135905
144.0,112.0,144.2788,155.0,6.9169073
30.0,55.0,30.278801,26.0,16.456928
109.0,169.0,109.27879,117.0,6.599322
198.0,245.0,198.27878,201.0,1.3538418
252.99998,185.0,253.27878,219.99998,15.126726
210.0,193.0,210.2788,191.0,10.093609
100.0,136.0,100.27879,89.0,12.672801
119.0,191.0,119.27879,163.0,26.822826
163.0,208.0,163.25696,187.0,12.696815
28.000008,44.0,28.278801,19.000008,48.835735
89.0,41.0,89.27879,76.0,17.472095
178.0,161.0,178.2788,175.0,1.8735962
171.0,132.0,171.24205,197.0,13.075102
185.0,180.0,185.25867,186.0,0.39856616
68.0,121.0,68.27879,66.0,3.452717
22.000008,66.0,22.232613,29.000008,23.335838
153.0,160.0,153.2788,176.0,12.909776
159.0,178.0,159.26474,166.0,4.0573854
224.0,72.0,224.27493,202.0,11.027195
24.000008,22.000008,24.278801,22.000008,10.358148
97.0,129.0,97.27879,101.0,3.6843631
152.0,101.0,152.51614,140.0,8.940103
220.0,187.0,222.06143,224.0,0.86543214
201.0,203.0,201.2522,200.0,0.62609863
52.000008,111.0,52.2788,80.0,34.6515
149.0,112.0,149.2788,164.0,8.976345
176.0,229.0,175.81699,181.0,2.8635437
30.0,51.0,30.278801,33.0,8.2460575
170.0,169.0,170.2788,175.0,2.6978323
178.0,160.0,178.27666,158.0,12.833327
178.0,144.0,177.38986,182.0,2.533043
56.000008,83.0,56.274597,71.0,20.740004
70.0,76.0,70.27879,72.0,2.3905647
116.0,197.0,116.27879,117.0,0.616416
28.000008,67.0,28.275581,30.0,5.748062
55.0,89.0,55.259758,55.0,0.47228727
185.0,216.0,185.27603,191.0,2.9968421
238.0,174.0,238.26999,215.0,10.823251
138.0,170.0,138.26999,171.0,19.140356
165.0,203.0,165.25812,185.0,10.671288
158.0,235.0,158.27597,177.0,10.5785475
162.0,18.000008,162.2788,117.0,38.699825
186.0,183.0,186.27875,175.0,6.4449987
86.0,109.0,86.2711,89.0,3.0661767
144.0,223.0,144.2788,176.0,18.023413
235.0,245.0,235.23627,159.0,47.94734
98.0,132.0,98.27879,70.0,40.398277
234.0,189.0,234.27878,204.0,14.842539
181.0,182.0,181.2788,183.0,0.9405501
181.0,178.0,181.2788,196.0,7.51082
148.0,185.0,148.63257,195.0,23.77817
16.0,35.000008,16.278801,24.000008,32.171684
132.0,71.0,132.2788,120.0,10.232327
82.0,130.0,82.27879,54.0,52.368134
86.0,38.000008,86.2545,98.0,11.985203
158.0,194.0,158.2788,170.0,6.894828
122.0,21.000008,122.23174,103.0,18.671595
129.0,154.0,129.2788,114.0,13.402451
144.0,98.0,144.25464,154.0,6.3281565
42.000008,79.0,42.2788,45.000008,6.047125
161.0,155.0,161.26648,156.0,3.3759482
166.0,176.0,166.2788,226.0,26.425314
176.0,170.0,176.25491,198.0,10.982367
181.0,150.0,182.6068,202.0,9.600596
171.0,154.0,171.2788,187.0,8.407063
69.0,92.0,69.26354,59.000008,17.39582
121.0,37.0,121.27879,135.0,10.163857
46.000008,45.000008,46.2788,69.0,32.929276
188.0,152.0,188.2788,158.0,19.163794
190.0,198.0,190.2788,181.0,5.1264052
197.0,143.0,197.2788,178.0,10.830783
78.0,105.0,78.27879,64.0,22.310616
69.0,29.000008,69.21318,86.0,19.519558
186.0,235.0,186.2788,160.0,16.424246
110.0,154.0,110.27448,133.0,17.086855
211.0,143.0,211.2788,171.0,23.55485
108.0,133.0,108.27879,99.0,9.372519
176.0,164.0,176.2788,131.0,34.563965
207.0,189.0,207.2788,191.0,8.522928
181.0,177.0,181.2788,164.0,10.53585
50.0,59.000008,50.278793,66.0,23.82001
192.0,181.0,192.27878,189.0,1.7348032
202.0,141.0,202.27705,192.0,5.3526325
177.0,178.0,177.2628,219.0,19.05808
196.0,218.0,196.27487,208.0,5.637081
143.0,270.0,143.2788,184.0,22.13109
120.0,152.0,123.36575,122.0,1.1194699
191.0,192.0,191.2788,150.0,27.519196
169.0,191.0,169.27551,169.0,0.16302527
183.0,191.0,186.76187,242.0,22.825674
62.0,110.0,62.339355,56.000008,11.320262
145.0,194.0,145.2788,138.0,5.274488
177.0,225.0,177.2788,166.0,6.794454
75.0,87.0,75.27879,61.0,23.407858
195.0,149.0,195.2788,228.0,14.351407
48.0,67.0,48.238617,34.0,41.878284
186.0,155.0,186.2788,132.0,41.120296
16.0,49.000008,16.278801,22.0,26.00545
242.0,220.0,242.2595,188.0,28.861439
188.0,220.0,188.33029,187.0,0.71138597
184.0,201.0,184.21722,177.0,4.0775275
178.0,181.0,178.2788,170.0,4.8698783
131.0,184.0,131.2788,138.0,4.8704395
144.0,237.0,144.2788,143.0,0.89426106
222.0,175.0,222.26828,172.0,29.225742
10.000008,27.0,10.259285,29.0,64.62315
255.0,208.0,255.27878,226.0,12.955211
187.0,148.0,187.2788,187.0,0.14908734
191.0,192.0,191.53452,247.0,22.455662
117.0,100.0,117.27879,94.0,24.764673
172.0,217.0,172.36282,184.0,6.3245525
187.0,160.0,187.25464,218.0,14.103376
226.0,164.0,226.27878,218.0,3.7976046
177.0,219.0,177.2788,214.0,17.159443
194.0,258.0,194.26833,187.0,3.886805
125.0,202.0,125.27879,101.0,24.038408
165.0,251.0,165.2788,232.0,28.75914
139.0,76.0,139.2788,114.0,22.174381
176.0,86.0,176.51482,166.0,6.3342266
54.0,54.0,54.25683,51.0,6.385938
196.0,207.0,196.27728,171.0,14.782037
156.0,159.0,156.27527,158.0,1.0916022
139.0,78.0,139.27452,158.0,11.851569
150.0,184.0,150.26656,203.0,25.977066
243.0,185.0,243.27878,220.0,10.581263
175.0,188.0,175.2788,182.0,3.6929708
93.0,52.000008,93.359505,112.0,16.6433
168.0,138.0,168.2788,153.0,9.986139
169.0,188.0,169.2788,173.0,2.1509864
214.0,175.0,214.27228,214.0,0.12723264
105.0,176.0,105.27879,102.0,3.2145035
145.0,215.0,145.2788,149.0,2.4974542
96.0,46.000008,96.27879,118.0,18.407803
25.000008,82.0,25.259445,28.000008,9.787721
216.0,225.0,216.27878,209.0,3.4826689
23.0,44.0,23.278801,32.0,27.253746
176.0,142.0,176.2788,139.0,26.819277
20.000008,43.0,20.278801,19.0,6.730531
174.0,243.0,174.2786,164.0,6.267436
153.0,252.0,153.26785,185.0,17.152512
195.0,158.0,195.27608,205.0,4.743377
242.0,177.0,242.2788,208.0,16.48019
50.0,66.0,50.276436,61.0,17.579613
184.0,151.0,184.27725,161.0,14.45792
132.0,72.0,132.2788,132.0,0.21120708
76.0,126.0,76.27879,69.0,10.548976
60.0,75.0,60.2788,76.0,20.685787
218.0,240.0,218.31956,208.0,4.9613295
171.0,126.0,171.2788,135.0,26.87318
71.0,104.0,71.2788,59.000008,20.811512
121.0,12.0,121.27825,82.0,47.900307
66.0,138.0,66.2788,105.0,36.87733
98.0,36.0,98.27879,92.0,6.824775
117.0,248.0,117.755196,167.0,29.487907
16.0,45.000008,16.278801,12.0,35.656677
187.0,258.0,187.24628,208.0,9.977751
197.0,260.0,197.26698,187.0,5.490365
194.0,130.0,196.9395,196.0,0.47933617
209.0,195.0,209.26251,188.0,11.309847
92.0,33.0,92.24774,60.0,53.746235
48.0,21.000008,48.311897,59.000008,18.115438
184.0,205.0,184.72774,176.0,4.958942
110.0,38.000008,110.27879,114.0,3.2642164
177.0,99.0,177.27173,181.0,2.0598185
181.0,192.0,181.27159,185.0,2.015356
153.0,226.0,153.2788,155.0,1.110456
122.0,44.0,122.27879,124.0,1.3880699
78.0,139.0,78.27879,59.000008,32.675903
214.0,101.0,214.2788,215.0,0.33544496
58.0,75.0,58.2788,54.0,7.923705
194.0,194.0,194.2752,162.0,19.922968
195.0,197.0,195.27335,204.0,4.277772
152.0,166.0,152.2788,161.0,5.4168983
259.0,161.0,259.26834,222.0,16.78754
171.0,202.0,171.26045,173.0,1.0055189
131.0,109.0,131.2788,144.0,8.834171
151.0,173.0,151.2788,152.0,0.47447807
74.0,104.0,74.27879,63.000008,17.902832
59.000008,116.0,59.2788,67.0,11.524178
52.000008,94.0,52.2788,65.0,19.571075
118.0,49.000008,118.27879,79.0,49.719994
107.0,49.000008,107.27879,103.0,4.1541686
138.0,139.0,138.2788,144.0,3.9730601
121.0,177.0,121.95604,156.0,21.823051
220.0,236.0,220.27878,174.0,26.597
83.0,140.0,83.25087,77.0,8.118012
110.0,99.0,110.27301,105.0,5.0219145
229.0,264.0,229.12265,206.99998,10.687279
82.0,36.0,82.27879,58.0,41.85999
68.0,133.0,68.27879,75.0,8.961609
209.0,183.0,209.27878,152.0,37.683407
206.0,180.0,206.27878,174.0,18.551022
174.0,165.0,174.2788,148.0,17.755941
156.0,200.0,156.26971,192.0,18.609524
201.0,169.0,201.2788,176.0,14.36295
169.0,140.0,169.2788,161.0,5.1421075
192.0,203.0,192.68265,156.0,23.514519
181.0,195.0,181.26562,175.0,3.580357
168.0,175.0,167.73022,181.0,7.3313675
52.000008,61.0,52.2788,20.000008,161.3939
212.0,215.0,212.27878,193.0,9.989004
122.0,158.0,123.279305,126.0,2.1592822
226.0,188.0,226.27399,156.0,45.047424
207.0,176.0,207.2788,170.0,21.928701
167.0,194.0,168.73375,207.0,18.48611
166.0,197.0,166.2788,216.0,23.019077
14.000008,32.000008,14.278801,12.000008,18.989933
155.0,222.0,156.31844,176.0,11.182707
14.000008,28.000008,14.278801,14.000008,1.9913799
108.0,32.000008,108.27879,122.0,11.246891
149.0,225.0,149.2788,96.0,55.49874
88.0,21.000008,88.2575,72.0,22.57986
175.0,204.0,175.2788,154.0,13.817398
219.0,209.0,220.05234,212.0,3.7982724
54.0,34.0,54.27555,54.0,0.5102793
155.0,211.0,155.2788,153.0,1.4894074
125.0,169.0,125.27879,110.0,13.8898115
27.0,71.0,27.278801,45.000008,39.38045
110.0,153.0,110.27879,105.0,5.0274224
109.0,190.0,109.27879,80.0,36.59849
86.0,102.0,86.27879,42.000008,105.42566
207.0,200.0,207.2788,200.0,3.6393967
62.0,94.0,62.239624,52.000008,19.691566
141.0,156.0,141.2788,102.0,38.50862
195.0,162.0,195.2788,163.0,19.802942
139.0,81.0,139.27719,139.0,0.1994181
257.0,215.0,257.27878,213.99998,20.223736
187.0,178.0,192.06093,198.0,2.999531
181.0,169.0,181.2788,174.0,4.1832147
27.0,62.0,27.278801,29.0,5.935169
197.0,210.0,197.2788,234.0,15.692822
151.0,143.0,151.2788,131.0,15.479996
257.0,216.0,257.27878,219.99998,16.944908
45.000008,63.0,45.273544,32.000008,41.479794
61.0,102.0,61.274864,86.0,28.750156
67.0,114.0,67.27879,90.0,25.245785
204.0,177.0,204.2788,154.0,32.648567
165.0,237.0,165.2788,148.0,11.67486
50.0,114.0,50.278793,86.0,41.536285
151.0,163.0,151.2788,112.0,35.07035
145.0,184.0,145.2788,102.0,42.43019
94.0,72.0,94.27879,63.000008,49.64886
146.0,166.0,146.2788,116.0,26.10241
162.0,161.0,162.25731,143.0,13.46665
222.0,158.0,222.27771,187.0,18.865086
24.000008,89.0,24.25776,38.000008,36.163803
188.0,177.0,188.2788,185.0,1.7723206
153.0,176.0,155.17245,184.0,15.667144
274.0,194.0,274.27878,190.0,44.357254
207.0,222.0,210.43105,209.0,0.6847108
204.0,187.0,204.2788,255.0,19.890669
149.0,181.0,149.26823,181.0,17.531363
197.0,153.0,197.2788,156.0,26.460764
191.0,239.0,191.2788,174.0,9.930341
164.0,177.0,164.2788,166.0,1.0368716
75.0,122.0,75.27879,67.0,12.356408
187.0,181.0,187.25397,213.0,12.087339
187.0,159.0,182.28558,148.0,23.165936
132.0,82.0,132.2788,109.0,21.356691
54.0,112.0,54.278793,92.0,41.001312
159.0,114.0,159.2632,167.0,4.632815
158.0,127.0,158.2788,144.0,9.915829
71.0,24.000008,71.2788,121.0,41.0919
152.0,116.0,152.2788,140.0,8.770566
29.000008,83.0,29.278801,20.000015,46.39389
167.0,222.0,167.251,144.0,16.146534
63.0,140.0,66.99652,86.0,22.097069
196.0,195.0,196.2788,188.0,4.4036136
59.000008,131.0,59.2788,70.0,15.315999
204.0,201.0,204.2788,193.0,5.8439345
33.0,37.0,33.014534,20.000008,65.07261
169.0,168.0,169.75842,161.0,5.4400144
143.0,173.0,143.2788,174.0,17.655867
164.0,208.0,164.2788,150.0,9.519196
59.000008,19.0,59.2788,67.0,11.524178
152.0,141.0,152.2788,158.0,3.6210167
160.0,175.0,160.2788,194.0,17.382067
138.0,129.0,138.2788,158.0,12.481776
196.0,181.0,196.2788,172.0,14.115578
83.0,151.0,83.27879,113.0,26.301952
70.0,131.0,75.571594,107.0,29.372341
28.000008,104.0,28.278801,41.0,31.027313
85.0,45.000008,85.27879,87.0,1.9783984
219.0,167.0,219.26212,236.0,7.092324
69.0,77.0,69.27706,54.0,28.290855
63.0,25.000008,63.278797,46.0,37.562603
41.0,70.0,41.2788,56.000008,26.287865
43.0,59.000008,43.278793,40.0,8.196983
91.0,78.0,91.27879,89.0,2.560442
172.0,151.0,172.25229,201.0,14.302343
110.0,142.0,110.27007,102.0,8.107915
160.0,197.0,160.2788,178.0,9.955734
155.0,128.0,155.247,136.0,14.152202
176.0,172.0,176.34601,218.0,19.107336
80.0,90.0,80.27879,98.0,18.082865
247.0,156.0,247.27878,233.0,6.128231
112.0,86.0,112.253876,126.0,10.909622
132.0,170.0,132.2719,164.0,19.346405
233.0,114.0,233.27878,182.0,28.175152
118.0,186.0,119.59406,135.0,11.411805
94.0,113.0,94.6732,67.0,41.303288
181.0,219.0,181.27248,242.0,25.094017
164.0,151.0,164.2788,168.0,2.215004
190.0,159.0,190.27084,194.0,1.9222457
67.0,28.000008,67.27879,63.0,6.7917356
187.0,188.0,187.2788,184.0,1.781953
162.0,67.0,162.27397,166.0,2.2445955
174.0,183.0,174.27408,212.0,17.795246
22.000008,41.0,22.278801,13.000015,71.37519
133.0,166.0,133.2788,149.0,10.551146
164.0,159.0,165.14154,224.0,26.276096
87.0,40.0,87.27879,85.0,2.6809332
128.0,84.0,128.2788,117.0,9.639994
132.0,172.0,132.25203,131.0,0.9557476
142.0,156.0,142.27765,143.0,0.5051406
164.0,180.0,163.01678,190.0,14.201692
198.0,136.0,198.27878,195.0,1.6814246
185.0,173.0,185.2788,194.0,4.495467
104.0,167.0,104.27879,100.0,4.2787933
174.0,211.0,174.2788,175.0,0.4121181
20.000008,97.0,20.278801,24.000008,15.505023
168.0,131.0,168.2788,120.0,40.232327
36.0,92.0,37.887215,43.0,11.890199
72.0,163.0,72.27879,80.0,9.651508
189.0,186.0,189.2788,208.0,9.00058
162.0,153.0,162.2788,201.0,19.264282
201.0,160.0,201.2788,184.0,9.390649
147.0,224.0,147.66823,180.0,17.962095
155.0,105.0,155.28632,111.0,39.897583
112.0,86.0,112.27368,98.0,14.5649805
140.0,140.0,140.26857,131.0,7.075244
166.0,180.0,166.2788,196.0,15.16388
78.0,99.0,78.228676,65.0,20.351809
107.0,111.0,107.27879,143.0,24.979864
164.0,146.0,164.63184,164.0,0.38526583
64.0,102.0,64.2788,78.0,17.591282
96.0,36.0,96.27879,90.0,6.9764366
204.0,180.0,204.25806,190.0,7.5042405
209.0,175.0,209.27878,205.0,2.0872087
89.0,87.0,89.27879,82.0,8.876577
63.0,80.0,63.278797,94.0,32.68213
24.000008,41.0,24.278801,22.000008,10.358148
205.0,149.0,205.26569,172.0,19.340515
222.0,226.0,222.27472,206.0,7.900349
70.0,98.0,70.27879,70.0,0.39827618
170.0,224.0,170.2788,145.0,17.433651
162.0,224.0,164.02359,147.0,11.580673
185.0,234.0,185.2788,145.0,27.778479
143.0,214.0,143.25609,183.0,21.717985
39.000008,70.0,39.276825,93.0,57.766853
177.0,194.0,177.2788,177.0,0.15751036
158.0,132.0,158.2749,133.0,19.003687
206.0,166.0,206.27878,205.0,0.6237942
113.0,16.0,113.266464,77.0,47.099304
182.0,160.0,182.27869,156.0,16.845312
37.0,67.0,37.265015,35.000008,6.471447
131.0,34.0,131.74582,128.0,2.9264212
173.0,182.0,173.2591,247.0,29.854616
102.0,96.0,102.92351,97.0,6.106709
40.0,67.0,40.278793,35.0,15.082267
195.0,105.0,195.2788,162.0,20.542465
197.0,156.0,197.26645,133.0,48.32064
128.0,33.0,128.2618,131.0,2.0902328
201.0,176.0,201.2788,178.0,13.077974
20.000008,42.000008,20.278801,20.000008,1.3939661
183.0,159.0,183.2788,201.0,8.816521
123.0,40.0,123.27879,96.0,28.41541
158.0,210.0,158.2788,182.0,13.03363
225.0,176.0,225.2788,188.0,19.829145
208.0,187.0,208.23102,203.0,2.5768561
80.0,121.0,80.46694,126.0,36.13735
185.0,210.0,185.2788,196.0,5.4700036
132.0,71.0,132.2788,141.0,6.185253
175.0,203.0,175.88168,161.0,9.243282
80.0,174.0,80.25032,113.0,28.982016
136.0,112.0,136.2602,188.0,27.521175
178.0,148.0,178.2284,219.0,18.617172
21.000008,38.000008,21.267464,18.000008,18.152527
198.0,178.0,198.27878,210.0,5.5815344
224.0,182.0,224.26889,191.0,17.418266
235.0,229.0,235.26611,175.0,34.43778
193.0,194.0,193.25284,229.0,15.610114
193.0,80.0,193.2788,200.0,3.3606033
213.0,195.0,213.26785,229.0,6.869933
180.0,161.0,180.47977,166.0,8.722751
169.0,151.0,169.24638,189.0,10.451649
91.0,93.0,91.27879,124.0,26.38807
35.000008,61.0,36.546585,70.0,47.790592
114.0,151.0,114.27879,106.0,7.810182
213.0,236.0,213.26135,201.0,6.1001754
219.0,167.0,219.41525,209.0,4.9833746
112.0,46.000008,112.27535,101.0,11.163715
197.0,234.0,197.2788,167.0,18.131014
182.0,182.0,182.2788,151.0,20.714432
118.0,118.0,118.27879,140.0,15.515147
208.0,170.0,208.2788,180.0,15.710441
225.0,198.0,225.26285,214.0,5.263013
170.0,135.0,170.27765,178.0,4.3383994
156.0,111.0,156.2788,184.0,15.065872
136.0,139.0,135.0271,145.0,6.8778625
204.0,155.0,204.2788,182.0,12.241096
102.0,134.0,102.27879,79.0,29.466825
193.0,175.0,193.2788,167.0,15.7358055
186.0,201.0,186.2788,176.0,5.840224
172.0,174.0,172.27457,185.0,6.878613
51.0,63.0,51.249695,67.0,23.50792
134.0,205.0,134.2788,116.0,15.75758
204.0,185.0,204.25908,173.0,18.068832
173.0,181.0,173.2788,169.0,2.5318303
228.0,173.0,228.2788,180.0,26.82155
218.0,153.0,218.26709,273.0,20.048685
245.0,182.0,245.2788,186.0,31.870321
16.0,38.000008,16.278801,28.0,41.861423
224.0,193.0,224.2788,169.0,32.709347
12.0,35.000008,12.278793,25.0,50.884827
105.0,96.0,105.27879,80.0,31.59849
152.0,257.0,152.2788,150.0,1.5191956
181.0,185.0,181.2605,133.0,36.286087
247.0,220.0,248.39862,188.0,32.126923
164.0,135.0,164.27155,162.0,1.4021885
188.0,182.0,188.2788,244.0,22.83656
26.0,40.0,26.269363,14.0,87.63831
210.0,170.0,210.2788,188.0,11.850422
184.0,163.0,184.2788,212.0,13.07604
156.0,169.0,157.79817,141.0,11.913597
160.0,227.0,160.26865,186.0,13.834061
146.0,177.0,146.38058,126.0,16.175068
188.0,177.0,188.26003,168.0,12.059539
120.0,191.0,120.27879,133.0,9.564817
202.0,80.0,202.27524,194.0,4.265587
105.0,112.0,105.27879,107.0,1.6086044
147.0,185.0,147.27223,136.0,8.288405
67.0,100.0,67.894165,69.0,1.6026593
197.0,176.0,197.24692,222.0,11.150037
67.0,86.0,67.27879,62.0,8.514183
20.000008,37.0,20.278801,18.000008,12.659958
10.000008,28.000008,10.278801,22.0,53.27818
138.0,209.0,138.27333,166.0,16.702812
74.0,90.0,74.25298,58.0,28.022385
193.0,185.0,193.81339,166.0,16.755053
212.0,141.0,212.2537,210.0,1.073187
86.0,29.000008,86.27879,71.0,21.519426
121.0,60.0,121.27879,110.0,10.2534485
70.0,44.0,70.27879,71.0,1.015784
134.0,204.0,134.2788,132.0,1.7263585
258.0,197.0,258.27878,204.0,26.607244
79.0,46.000008,79.27879,96.0,17.417925
65.0,91.0,66.069595,50.0,32.13919
153.0,201.0,153.26416,206.0,25.599924
170.0,188.0,170.26498,190.0,10.38685
81.0,40.0,81.27879,76.0,6.9457808
33.0,93.0,33.260857,27.0,23.188358
123.0,211.0,123.27879,126.0,2.159688
195.0,201.0,195.2788,180.0,8.488218
146.0,58.0,146.2788,108.0,35.443325
195.0,185.0,195.25638,181.0,7.876452
155.0,228.0,155.2788,168.0,7.5721464
229.0,180.0,229.27222,241.99998,5.2594085
182.0,224.0,182.2788,196.0,7.0006156
186.0,191.0,186.2746,184.0,1.2361941
190.0,238.0,190.2788,162.0,17.456045
134.0,147.0,134.24997,184.0,27.03806
190.0,184.0,190.27858,191.0,0.37770694
188.0,126.0,188.2788,195.0,3.4467726
123.0,128.0,123.27879,168.0,26.619764
194.0,208.0,194.2788,215.0,9.637771
107.0,130.0,107.27879,112.0,4.215363
231.0,149.0,231.2788,198.0,16.80747
166.0,87.0,166.27821,144.0,15.470982
147.0,175.0,147.2788,151.0,2.4643753
162.0,160.0,162.2788,186.0,12.753338
159.0,197.0,159.26712,201.0,20.762627
180.0,168.0,180.26495,165.0,9.251488
237.0,175.0,237.24915,218.0,8.829884
171.0,201.0,171.2788,225.0,23.876091
77.0,19.0,77.27879,71.0,8.84337
58.0,63.0,58.2788,49.000008,18.93631
230.0,216.0,230.6997,240.0,3.8751223
208.0,204.0,208.2686,204.0,2.0924513
187.0,193.0,186.16135,219.0,14.99482
76.0,36.0,76.277985,101.0,24.477243
109.0,76.0,109.2471,129.0,15.312325
19.0,48.0,19.278793,28.0,31.147167
177.0,198.0,177.25772,204.0,13.10896
177.0,233.0,177.27162,149.0,18.974243
200.0,195.0,200.2788,176.0,13.794769
203.0,210.0,203.26826,210.0,3.205588
109.0,46.000008,109.27879,121.0,9.686948
17.000008,39.000008,17.268837,37.0,53.327465
200.0,224.0,200.2788,159.0,25.961506
178.0,191.0,178.2788,189.0,5.672596
210.0,173.0,210.2788,210.0,0.13275874
114.0,170.0,114.27879,125.0,8.576965
66.0,67.0,66.2706,74.0,10.445136
167.0,101.0,167.26584,175.0,4.419521
112.0,170.0,112.2483,151.0,25.66338
81.0,77.0,81.27879,132.0,38.425156
79.0,23.0,79.27879,69.0,14.896803
132.0,81.0,132.25938,138.0,4.159867
110.0,138.0,110.27879,100.0,10.278793
106.0,69.0,106.27879,112.0,5.10822
160.0,120.0,160.2788,198.0,19.051115
193.0,192.0,193.2788,222.0,12.93748
19.0,37.0,19.278793,10.000008,92.78778
105.0,124.0,105.27879,100.0,5.2787933
21.000008,89.0,21.278801,33.000008,35.518803
133.0,110.0,133.25763,146.0,8.727651
198.0,177.0,198.27878,226.0,12.266027
111.0,158.0,111.27879,89.0,25.032352
204.0,144.0,204.2788,219.0,6.722012
44.0,100.0,44.26998,21.000008,110.809364
111.0,84.0,111.25007,114.0,2.4122205
32.000008,30.0,32.275627,21.000008,53.69341
250.0,211.0,250.24184,258.0,3.0070403
114.0,50.0,114.27879,109.0,4.8429294
156.0,152.0,156.2788,136.0,14.910877
173.0,201.0,173.2788,170.0,1.928702
171.0,175.0,171.2788,235.0,27.115408
160.0,198.0,160.2788,204.0,21.431965
143.0,185.0,143.26807,160.0,10.4574585
175.0,150.0,175.2788,160.0,9.549246
145.0,216.0,145.2788,177.0,17.921587
203.0,183.0,204.08304,194.0,5.1974425
224.0,192.0,224.26556,250.0,10.293775
68.0,42.000008,68.20088,84.0,18.808474
88.0,146.0,88.27879,49.000008,80.160774
169.0,201.0,169.27444,162.0,4.490398
212.0,183.0,212.27878,181.0,17.281094
172.0,175.0,172.2788,216.0,20.241299
181.0,212.0,181.26968,134.0,35.275883
164.0,204.0,164.27611,172.0,4.4906354
21.000008,33.0,21.267937,19.000008,11.936464
77.0,38.000008,77.27879,81.0,4.5940824
22.000008,61.0,22.26844,27.000015,17.524342
62.0,80.0,62.250053,37.0,68.24339
167.0,159.0,167.27586,188.0,11.023477
172.0,147.0,172.2788,205.0,15.961563
168.0,191.0,168.27599,159.0,5.8339534
92.0,122.0,92.27528,69.0,33.732296
178.0,170.0,178.27003,149.0,19.644318
204.0,174.0,204.2788,140.0,45.913425
70.0,83.0,70.27879,61.0,15.211137
167.0,214.0,167.2788,211.0,20.720951
126.0,153.0,127.85226,81.0,57.84229
170.0,148.0,170.2788,181.0,5.9233184
135.0,173.0,135.34924,96.0,40.988792
185.0,233.0,185.2788,190.0,2.4848456
154.0,181.0,153.06494,153.0,0.042445365
170.0,220.0,170.24591,186.0,8.469941
194.0,162.0,194.27206,147.0,32.157867
180.0,190.0,180.2788,196.0,8.021024
168.0,184.0,168.32014,210.0,19.84755
185.0,178.0,185.25798,197.0,5.960416
176.0,203.0,175.95651,148.0,18.889536
101.0,100.0,101.27879,77.0,31.530901
101.0,33.0,101.24719,108.0,6.2525997
236.0,170.0,236.27878,186.0,27.0316
90.0,36.0,90.27879,117.0,22.838638
149.0,193.0,149.2788,156.0,4.308466
148.0,176.0,148.2788,175.0,15.269261
215.0,145.0,215.23618,152.0,41.602745
170.0,226.0,170.2788,155.0,9.8572855
203.0,147.0,203.27362,169.0,20.280249
156.0,195.0,159.23938,155.0,2.7350838
201.0,222.0,201.2577,181.0,11.192102
154.0,145.0,154.22162,166.0,7.095411
34.0,70.0,34.2788,33.0,3.8751543
146.0,112.0,146.2719,166.0,11.884399
215.0,198.0,215.26755,167.0,28.902725
215.0,201.0,215.25946,200.0,7.6297307
171.0,182.0,171.2788,160.0,7.0492463
222.0,153.0,222.25525,243.0,8.536935
200.0,206.0,200.2788,173.0,15.768088
80.0,84.0,80.24954,99.0,18.939856
64.0,114.0,64.2788,62.0,3.6754854
184.0,192.0,185.96979,203.0,8.389267
195.0,141.0,197.23564,181.0,8.969968
192.0,149.0,191.40031,154.0,24.28592
111.0,117.0,111.27879,89.0,25.032352
197.0,101.0,197.2788,177.0,11.456945
169.0,230.0,171.0593,181.0,5.492102
144.0,195.0,144.27454,190.0,24.066034
169.0,162.0,169.2788,167.0,1.3645469
70.0,76.0,70.27879,36.0,95.21887
103.0,47.0,103.27879,103.0,0.27067316
201.0,188.0,201.2788,224.0,10.143395
151.0,120.0,151.2788,168.0,9.953099
173.0,167.0,173.25745,123.0,40.85971
207.0,187.0,207.27231,177.0,17.102999
141.0,87.0,141.26987,113.0,25.01758
170.0,259.0,170.2788,175.0,2.6978323
167.0,168.0,169.15948,178.0,4.966582
131.0,107.0,131.2788,130.0,0.9836872
139.0,195.0,139.2788,160.0,12.950754
